id,password,label,target,entropy_bits,conventional_score,dictionary_base_flag,capitalization,substitution,numeric_suffix,symbol_suffix,mvs_fixed
2,winter!,symbol_suffix,1,41.005866965893006,46.875,1.0,0.0,0.0,0.0,1.0,31.270877904139926
190,^8SwYqzMwN3K233,synthetic_random_like,0,98.31883277516457,96.875,0.0,0.0,0.0,0.0,0.0,0.0
91,Computer,capitalization,1,45.603517745128734,50.0,1.0,1.0,0.0,0.0,0.0,35.24659385204368
144,^^mJLekfi^5nX6,synthetic_random_like,0,91.76424392348693,93.75,0.0,0.0,0.0,0.0,0.0,0.0
191,lYWVB*!HOEQ,synthetic_random_like,0,70.31549165056637,71.875,0.0,0.0,0.0,0.0,0.0,0.0
159,c4LtWa4pmDP4,synthetic_random_like,0,71.45035572464249,75.0,0.0,0.0,0.0,0.0,0.0,0.0
354,8JG2VnvxuV!h^,synthetic_random_like,0,85.2096550718093,90.625,0.0,0.0,0.0,0.0,0.0,0.0
166,u3$yVd*kmoBYp6S%,synthetic_random_like,0,104.8734216268422,100.0,0.0,0.0,0.0,0.0,0.0,0.0
359,YRyy^sAu$C!8M#Vg,synthetic_random_like,0,104.8734216268422,100.0,0.0,0.0,0.0,0.0,0.0,0.0
287,5oNd@u0STeMB,synthetic_random_like,0,78.65506622013166,87.5,0.0,0.0,0.0,0.0,0.0,0.0
311,KmUqM86cQDDXQ,synthetic_random_like,0,77.40455203502937,78.125,0.0,0.0,0.0,0.0,0.0,0.0
19,Secret,capitalization,1,34.20263830884655,43.75,1.0,1.0,0.0,0.0,0.0,35.24659385204368
328,Q$zxrWBngRm,synthetic_random_like,0,70.31549165056637,71.875,0.0,0.0,0.0,0.0,0.0,0.0
122,FqnP!njWHMp,synthetic_random_like,0,70.31549165056637,71.875,0.0,0.0,0.0,0.0,0.0,0.0
266,#IAaRa2oqs4,synthetic_random_like,0,72.10047736845401,84.375,0.0,0.0,0.0,0.0,0.0,0.0
8,Football!,capitalization+symbol_suffix,1,57.530856805008845,65.625,1.0,1.0,0.0,0.0,1.0,34.200821979506806
318,heFeBLVICQt5Rf,synthetic_random_like,0,83.35874834541625,81.25,0.0,0.0,0.0,0.0,0.0,0.0
103,football123,numeric_suffix,1,56.86917501586544,59.375,1.0,0.0,1.0,1.0,0.0,34.08962954622227
254,l4vrgAP6ReO^f8,synthetic_random_like,0,91.76424392348693,93.75,0.0,0.0,0.0,0.0,0.0,0.0
41,Football,capitalization,1,45.603517745128734,50.0,1.0,1.0,0.0,0.0,0.0,35.24659385204368
224,7vX*97nbZKGKZN,synthetic_random_like,0,91.76424392348693,93.75,0.0,0.0,0.0,0.0,0.0,0.0
45,Spring!,capitalization+symbol_suffix,1,44.746221959451326,59.375,1.0,1.0,0.0,0.0,1.0,34.200821979506806
272,1JJPu@LC1bI,synthetic_random_like,0,72.10047736845401,84.375,0.0,0.0,0.0,0.0,0.0,0.0
229,%HNx@%sgWtJIBi,synthetic_random_like,0,89.49244391890265,81.25,0.0,0.0,0.0,0.0,0.0,0.0
315,Ieo%2QAYeWYp,synthetic_random_like,0,78.65506622013166,87.5,0.0,0.0,0.0,0.0,0.0,0.0
7,Spring123,capitalization+numeric_suffix,1,53.587766793481876,65.625,1.0,1.0,1.0,1.0,0.0,35.57313365611981
238,dz7$jQ1ibjhoRKHN,synthetic_random_like,0,104.8734216268422,100.0,0.0,0.0,0.0,0.0,0.0,0.0
290,RfG!nYvrXxKxo,synthetic_random_like,0,83.10012649612389,78.125,0.0,0.0,0.0,0.0,0.0,0.0
185,KMqgiL3lzz*b,synthetic_random_like,0,78.65506622013166,87.5,0.0,0.0,0.0,0.0,0.0,0.0
342,o1Hl2%V2dDf7J,synthetic_random_like,0,85.2096550718093,90.625,0.0,0.0,0.0,0.0,0.0,0.0
249,x#IRqQcuV7,synthetic_random_like,0,65.54588851677637,81.25,0.0,0.0,0.0,0.0,0.0,0.0
236,jjLVK0e3U&KQfd6I,synthetic_random_like,0,104.8734216268422,100.0,0.0,0.0,0.0,0.0,0.0,0.0
239,iUnT!SFrigvSL,synthetic_random_like,0,83.10012649612389,78.125,0.0,0.0,0.0,0.0,0.0,0.0
13,Welcome2026,capitalization+numeric_suffix,1,65.49615941425563,71.875,1.0,1.0,1.0,1.0,0.0,35.57313365611981
72,admin1,numeric_suffix,1,31.019550008653873,43.75,1.0,0.0,1.0,1.0,0.0,34.08962954622227
181,bUlJCyRGlM&o*jC7,synthetic_random_like,0,104.8734216268422,100.0,0.0,0.0,0.0,0.0,0.0,0.0
139,GQdu#yl23zvE,synthetic_random_like,0,78.65506622013166,87.5,0.0,0.0,0.0,0.0,0.0,0.0
244,SZkBV@Uc0Ku1X*p,synthetic_random_like,0,98.31883277516457,96.875,0.0,0.0,0.0,0.0,0.0,0.0
62,Dragon1,capitalization+numeric_suffix,1,41.67937417270812,59.375,1.0,1.0,1.0,1.0,0.0,35.57313365611981
100,Password,capitalization,1,45.603517745128734,50.0,1.0,1.0,0.0,0.0,0.0,35.24659385204368
169,i4@h58Smg0x2i,synthetic_random_like,0,85.2096550718093,90.625,0.0,0.0,0.0,0.0,0.0,0.0
261,v8jrUtdMsYVik,synthetic_random_like,0,77.40455203502937,78.125,0.0,0.0,0.0,0.0,0.0,0.0
209,7dUfWhp*%5b,synthetic_random_like,0,72.10047736845401,84.375,0.0,0.0,0.0,0.0,0.0,0.0
304,xKMupJFpDO88tnb,synthetic_random_like,0,89.31294465580312,84.375,0.0,0.0,0.0,0.0,0.0,0.0
240,evi#hKQFjMwC!D,synthetic_random_like,0,89.49244391890265,81.25,0.0,0.0,0.0,0.0,0.0,0.0
274,nPtjYR9Z5Tt0,synthetic_random_like,0,71.45035572464249,75.0,0.0,0.0,0.0,0.0,0.0,0.0
17,student1,substitution+numeric_suffix,1,41.3594000115385,50.0,1.0,0.0,1.0,1.0,0.0,34.08962954622227
284,@q1fgkrhwXXx47A1,synthetic_random_like,0,104.8734216268422,100.0,0.0,0.0,0.0,0.0,0.0,0.0
24,Football,capitalization,1,45.603517745128734,50.0,1.0,1.0,0.0,0.0,0.0,35.24659385204368
286,$JdA87LWurMTbf,synthetic_random_like,0,91.76424392348693,93.75,0.0,0.0,0.0,0.0,0.0,0.0
88,welcome!,symbol_suffix,1,46.863847961020575,50.0,1.0,0.0,0.0,0.0,1.0,31.270877904139926
129,CpIPcA6$JVky&bmt,synthetic_random_like,0,104.8734216268422,100.0,0.0,0.0,0.0,0.0,0.0,0.0
127,Q0Rm@*%A2T,synthetic_random_like,0,65.54588851677637,81.25,0.0,0.0,0.0,0.0,0.0,0.0
38,Hello!,capitalization+symbol_suffix,1,38.353904536672566,56.25,1.0,1.0,0.0,0.0,1.0,34.200821979506806
269,F5Us0$aO@%,synthetic_random_like,0,65.54588851677637,81.25,0.0,0.0,0.0,0.0,0.0,0.0
145,9*ctOrdnYlv&Gc,synthetic_random_like,0,91.76424392348693,93.75,0.0,0.0,0.0,0.0,0.0,0.0
6,winter1,substitution+numeric_suffix,1,36.18947501009619,46.875,1.0,0.0,1.0,1.0,0.0,34.08962954622227
135,2$^q$BI!rPU,synthetic_random_like,0,72.10047736845401,84.375,0.0,0.0,0.0,0.0,0.0,0.0
352,^5CTv&L1Ak,synthetic_random_like,0,65.54588851677637,81.25,0.0,0.0,0.0,0.0,0.0,0.0
84,secret2026,substitution+numeric_suffix,1,51.69925001442312,56.25,1.0,0.0,1.0,1.0,0.0,34.08962954622227
174,nV35PWTbTXSG9bU,synthetic_random_like,0,89.31294465580312,84.375,0.0,0.0,0.0,0.0,0.0,0.0
82,spring123,substitution+numeric_suffix,1,46.529325012980806,53.125,1.0,0.0,1.0,1.0,0.0,34.08962954622227
329,i4br6!Ssk0ulIH1,synthetic_random_like,0,98.31883277516457,96.875,0.0,0.0,0.0,0.0,0.0,0.0
233,^ypwI!lVdqV,synthetic_random_like,0,70.31549165056637,71.875,0.0,0.0,0.0,0.0,0.0,0.0
106,hello,dictionary_only,1,23.502198590705458,28.125,1.0,0.0,0.0,0.0,0.0,31.92771084337349
176,GaABhjDwgU*6n&%g,synthetic_random_like,0,104.8734216268422,100.0,0.0,0.0,0.0,0.0,0.0,0.0
178,dK0V4yg1NtI&vYgi,synthetic_random_like,0,104.8734216268422,100.0,0.0,0.0,0.0,0.0,0.0,0.0
73,College,capitalization,1,39.90307802698764,46.875,1.0,1.0,0.0,0.0,0.0,35.24659385204368
276,d58emCl5R@dXgp,synthetic_random_like,0,91.76424392348693,93.75,0.0,0.0,0.0,0.0,0.0,0.0
345,vZEI6Z&XcIhoH$0k,synthetic_random_like,0,104.8734216268422,100.0,0.0,0.0,0.0,0.0,0.0,0.0
134,xjwG^%XnBd7E,synthetic_random_like,0,78.65506622013166,87.5,0.0,0.0,0.0,0.0,0.0,0.0
170,*^F2nSvbsNH3,synthetic_random_like,0,78.65506622013166,87.5,0.0,0.0,0.0,0.0,0.0,0.0
25,Hello2025,capitalization+numeric_suffix,1,53.587766793481876,65.625,1.0,1.0,1.0,1.0,0.0,35.57313365611981
77,welcome2026,numeric_suffix,1,56.86917501586544,59.375,1.0,0.0,1.0,1.0,0.0,34.08962954622227
116,dragon!,symbol_suffix,1,41.005866965893006,46.875,1.0,0.0,0.0,0.0,1.0,31.270877904139926
81,Hello!,capitalization+symbol_suffix,1,38.353904536672566,56.25,1.0,1.0,0.0,0.0,1.0,34.200821979506806
108,admin!,symbol_suffix,1,35.14788597076543,43.75,1.0,0.0,0.0,0.0,1.0,31.270877904139926
263,N2cPSl$Cgce5,synthetic_random_like,0,78.65506622013166,87.5,0.0,0.0,0.0,0.0,0.0,0.0
349,OPJc&lRa@DwsDpoA,synthetic_random_like,0,102.27707876446017,87.5,0.0,0.0,0.0,0.0,0.0,0.0
353,js59w2w9glk,synthetic_random_like,0,56.86917501586544,59.375,0.0,0.0,0.0,0.0,0.0,0.0
43,computer2026,substitution+numeric_suffix,1,62.039100017307746,62.5,1.0,0.0,1.0,1.0,0.0,34.08962954622227
22,computer!,symbol_suffix,1,52.721828956148144,53.125,1.0,0.0,0.0,0.0,1.0,31.270877904139926
101,hello2026,substitution+numeric_suffix,1,46.529325012980806,53.125,1.0,0.0,1.0,1.0,0.0,34.08962954622227
243,rPx&IP3j%1BHd,synthetic_random_like,0,85.2096550718093,90.625,0.0,0.0,0.0,0.0,0.0,0.0
275,Ul^$S*y%Cu,synthetic_random_like,0,63.923174227787605,68.75,0.0,0.0,0.0,0.0,0.0,0.0
61,student1,substitution+numeric_suffix,1,41.3594000115385,50.0,1.0,0.0,1.0,1.0,0.0,34.08962954622227
322,oAgVn2o06WR,synthetic_random_like,0,65.49615941425563,71.875,0.0,0.0,0.0,0.0,0.0,0.0
285,2Y29jW9zj2I*m,synthetic_random_like,0,85.2096550718093,90.625,0.0,0.0,0.0,0.0,0.0,0.0
75,winter,dictionary_only,1,28.202638308846552,31.25,1.0,0.0,0.0,0.0,0.0,31.92771084337349
51,dragon,dictionary_only,1,28.202638308846552,31.25,1.0,0.0,0.0,0.0,0.0,31.92771084337349
356,$2d&dtwuzxIO,synthetic_random_like,0,78.65506622013166,87.5,0.0,0.0,0.0,0.0,0.0,0.0
300,WX2osbPQDtqQc@g,synthetic_random_like,0,98.31883277516457,96.875,0.0,0.0,0.0,0.0,0.0,0.0
126,*IDQspIL6ZZ,synthetic_random_like,0,72.10047736845401,84.375,0.0,0.0,0.0,0.0,0.0,0.0
339,MMkxkm8KbVOJ,synthetic_random_like,0,71.45035572464249,75.0,0.0,0.0,0.0,0.0,0.0,0.0
228,w$qvb@cl2s,synthetic_random_like,0,60.87462841250339,68.75,0.0,0.0,0.0,0.0,0.0,0.0
141,49lBzokTuowA3y2,synthetic_random_like,0,89.31294465580312,84.375,0.0,0.0,0.0,0.0,0.0,0.0
326,tXjEn9&O!jfHv,synthetic_random_like,0,85.2096550718093,90.625,0.0,0.0,0.0,0.0,0.0,0.0
214,Upgg3y!j8jp,synthetic_random_like,0,72.10047736845401,84.375,0.0,0.0,0.0,0.0,0.0,0.0
256,l9JOpJBOppPA@,synthetic_random_like,0,85.2096550718093,90.625,0.0,0.0,0.0,0.0,0.0,0.0
247,DGf2O2DnIyUJZo$h,synthetic_random_like,0,104.8734216268422,100.0,0.0,0.0,0.0,0.0,0.0,0.0
351,zpISaAGwBdKcPM,synthetic_random_like,0,79.80615605397529,68.75,0.0,0.0,0.0,0.0,0.0,0.0
132,Ge!rc9UG7zVJ$ZMB,synthetic_random_like,0,104.8734216268422,100.0,0.0,0.0,0.0,0.0,0.0,0.0
314,OKhJVsFlylzdat2,synthetic_random_like,0,89.31294465580312,84.375,0.0,0.0,0.0,0.0,0.0,0.0
321,R3hEWEKVL3t0#R6,synthetic_random_like,0,98.31883277516457,96.875,0.0,0.0,0.0,0.0,0.0,0.0
89,Summer123,capitalization+numeric_suffix,1,53.587766793481876,65.625,1.0,1.0,1.0,1.0,0.0,35.57313365611981
128,QhZwbIGqQ189Rbe,synthetic_random_like,0,89.31294465580312,84.375,0.0,0.0,0.0,0.0,0.0,0.0
298,&!weISFziZo,synthetic_random_like,0,70.31549165056637,71.875,0.0,0.0,0.0,0.0,0.0,0.0
200,dF$EegNaAaa,synthetic_random_like,0,70.31549165056637,71.875,0.0,0.0,0.0,0.0,0.0,0.0
259,bLCf1Jw%uNApMBzR,synthetic_random_like,0,104.8734216268422,100.0,0.0,0.0,0.0,0.0,0.0,0.0
63,hello2026,substitution+numeric_suffix,1,46.529325012980806,53.125,1.0,0.0,1.0,1.0,0.0,34.08962954622227
57,student2025,numeric_suffix,1,56.86917501586544,59.375,1.0,0.0,1.0,1.0,0.0,34.08962954622227
205,!cZ8ROH*Oh2Y,synthetic_random_like,0,78.65506622013166,87.5,0.0,0.0,0.0,0.0,0.0,0.0
65,admin!,symbol_suffix,1,35.14788597076543,43.75,1.0,0.0,0.0,0.0,1.0,31.270877904139926
255,!7#RMT8ldoXwB^yr,synthetic_random_like,0,104.8734216268422,100.0,0.0,0.0,0.0,0.0,0.0,0.0
303,*Fr8mWyAr&QnegvL,synthetic_random_like,0,104.8734216268422,100.0,0.0,0.0,0.0,0.0,0.0,0.0
234,xh!LvRXP@#y,synthetic_random_like,0,70.31549165056637,71.875,0.0,0.0,0.0,0.0,0.0,0.0
245,NAFj7kICd!J654X,synthetic_random_like,0,98.31883277516457,96.875,0.0,0.0,0.0,0.0,0.0,0.0
268,OUyv*l7fy0ly4B,synthetic_random_like,0,91.76424392348693,93.75,0.0,0.0,0.0,0.0,0.0,0.0
212,nwmy^SZh6fcvqB*,synthetic_random_like,0,98.31883277516457,96.875,0.0,0.0,0.0,0.0,0.0,0.0
47,summer,dictionary_only,1,28.202638308846552,31.25,1.0,0.0,0.0,0.0,0.0,31.92771084337349
173,%NHNoFazROpRZ27W,synthetic_random_like,0,104.8734216268422,100.0,0.0,0.0,0.0,0.0,0.0,0.0
347,IoeEw@ks8uH,synthetic_random_like,0,72.10047736845401,84.375,0.0,0.0,0.0,0.0,0.0,0.0
95,football2026,numeric_suffix,1,62.039100017307746,62.5,1.0,0.0,1.0,1.0,0.0,34.08962954622227
123,8@p%FT6Skil@,synthetic_random_like,0,78.65506622013166,87.5,0.0,0.0,0.0,0.0,0.0,0.0
158,mF8u#9oiqa^Ns0,synthetic_random_like,0,91.76424392348693,93.75,0.0,0.0,0.0,0.0,0.0,0.0
299,mHNzy4Ycelukxg,synthetic_random_like,0,83.35874834541625,81.25,0.0,0.0,0.0,0.0,0.0,0.0
11,spring1,substitution+numeric_suffix,1,36.18947501009619,46.875,1.0,0.0,1.0,1.0,0.0,34.08962954622227
157,cGEoWFMwN&bdRw6,synthetic_random_like,0,98.31883277516457,96.875,0.0,0.0,0.0,0.0,0.0,0.0
54,security!,symbol_suffix,1,52.721828956148144,53.125,1.0,0.0,0.0,0.0,1.0,31.270877904139926
114,admin2025,numeric_suffix,1,46.529325012980806,53.125,1.0,0.0,1.0,1.0,0.0,34.08962954622227
164,&$K#SSX^Cb1,synthetic_random_like,0,72.10047736845401,84.375,0.0,0.0,0.0,0.0,0.0,0.0
5,password2026,numeric_suffix,1,62.039100017307746,62.5,1.0,0.0,1.0,1.0,0.0,34.08962954622227
337,!KLK^Xc!kXIY,synthetic_random_like,0,76.70780907334513,75.0,0.0,0.0,0.0,0.0,0.0,0.0
66,master!,symbol_suffix,1,41.005866965893006,46.875,1.0,0.0,0.0,0.0,1.0,31.270877904139926
56,Winter2025,capitalization+numeric_suffix,1,59.54196310386875,68.75,1.0,1.0,1.0,1.0,0.0,35.57313365611981
281,EBm8&xgONaNoVBxn,synthetic_random_like,0,104.8734216268422,100.0,0.0,0.0,0.0,0.0,0.0,0.0
330,DJBOWRG1te,synthetic_random_like,0,59.54196310386875,68.75,0.0,0.0,0.0,0.0,0.0,0.0
92,master,dictionary_only,1,28.202638308846552,31.25,1.0,0.0,0.0,0.0,0.0,31.92771084337349
346,xIiU7IF%eBx@h0#,synthetic_random_like,0,98.31883277516457,96.875,0.0,0.0,0.0,0.0,0.0,0.0
184,I6YnANpH1j9,synthetic_random_like,0,65.49615941425563,71.875,0.0,0.0,0.0,0.0,0.0,0.0
273,pfLn!uZlJrv,synthetic_random_like,0,70.31549165056637,71.875,0.0,0.0,0.0,0.0,0.0,0.0
115,football2026,substitution+numeric_suffix,1,62.039100017307746,62.5,1.0,0.0,1.0,1.0,0.0,34.08962954622227
163,zMv3q4W@hNe$RM0,synthetic_random_like,0,98.31883277516457,96.875,0.0,0.0,0.0,0.0,0.0,0.0
218,&rGo$BKoc^rB,synthetic_random_like,0,76.70780907334513,75.0,0.0,0.0,0.0,0.0,0.0,0.0
27,security!,symbol_suffix,1,52.721828956148144,53.125,1.0,0.0,0.0,0.0,1.0,31.270877904139926
79,secret2026,numeric_suffix,1,51.69925001442312,56.25,1.0,0.0,1.0,1.0,0.0,34.08962954622227
110,welcome1,substitution+numeric_suffix,1,41.3594000115385,50.0,1.0,0.0,1.0,1.0,0.0,34.08962954622227
198,CeV5ezeN^#9,synthetic_random_like,0,72.10047736845401,84.375,0.0,0.0,0.0,0.0,0.0,0.0
211,U3y8^r7Ye$rmZ,synthetic_random_like,0,85.2096550718093,90.625,0.0,0.0,0.0,0.0,0.0,0.0
226,WTk0M*h@^wfF3v,synthetic_random_like,0,91.76424392348693,93.75,0.0,0.0,0.0,0.0,0.0,0.0
294,3wjcH#ohEPxK9$5U,synthetic_random_like,0,104.8734216268422,100.0,0.0,0.0,0.0,0.0,0.0,0.0
241,W4Om1^PKsI7,synthetic_random_like,0,72.10047736845401,84.375,0.0,0.0,0.0,0.0,0.0,0.0
120,student!,symbol_suffix,1,46.863847961020575,50.0,1.0,0.0,0.0,0.0,1.0,31.270877904139926
237,%PoK*oaoAEiV2fH,synthetic_random_like,0,98.31883277516457,96.875,0.0,0.0,0.0,0.0,0.0,0.0
150,on1ZaFzgHv^IV,synthetic_random_like,0,85.2096550718093,90.625,0.0,0.0,0.0,0.0,0.0,0.0
242,H$bQI#fWVU%T,synthetic_random_like,0,76.70780907334513,75.0,0.0,0.0,0.0,0.0,0.0,0.0
53,Spring,capitalization,1,34.20263830884655,43.75,1.0,1.0,0.0,0.0,0.0,35.24659385204368
248,5SW4&o@sJXZLjvs,synthetic_random_like,0,98.31883277516457,96.875,0.0,0.0,0.0,0.0,0.0,0.0
55,Dragon!,capitalization+symbol_suffix,1,44.746221959451326,59.375,1.0,1.0,0.0,0.0,1.0,34.200821979506806
35,Spring,capitalization,1,34.20263830884655,43.75,1.0,1.0,0.0,0.0,0.0,35.24659385204368
306,!rPHenP07xn2oj,synthetic_random_like,0,91.76424392348693,93.75,0.0,0.0,0.0,0.0,0.0,0.0
111,winter,dictionary_only,1,28.202638308846552,31.25,1.0,0.0,0.0,0.0,0.0,31.92771084337349
197,c!gcn4gzt@,synthetic_random_like,0,60.87462841250339,68.75,0.0,0.0,0.0,0.0,0.0,0.0
280,y6KD2XybNGYmlp#,synthetic_random_like,0,98.31883277516457,96.875,0.0,0.0,0.0,0.0,0.0,0.0
171,nCUj0kHO2ND^x^1G,synthetic_random_like,0,104.8734216268422,100.0,0.0,0.0,0.0,0.0,0.0,0.0
308,d&CMCNina!diH9*H,synthetic_random_like,0,104.8734216268422,100.0,0.0,0.0,0.0,0.0,0.0,0.0
151,GveBo5eT7$,synthetic_random_like,0,65.54588851677637,81.25,0.0,0.0,0.0,0.0,0.0,0.0
143,T!rnsCT6WgPGk77S,synthetic_random_like,0,104.8734216268422,100.0,0.0,0.0,0.0,0.0,0.0,0.0
310,XOshfFLZ^JtazNe6,synthetic_random_like,0,104.8734216268422,100.0,0.0,0.0,0.0,0.0,0.0,0.0
40,college!,symbol_suffix,1,46.863847961020575,50.0,1.0,0.0,0.0,0.0,1.0,31.270877904139926
204,q!m$1pVprn,synthetic_random_like,0,65.54588851677637,81.25,0.0,0.0,0.0,0.0,0.0,0.0
16,football!,symbol_suffix,1,52.721828956148144,53.125,1.0,0.0,0.0,0.0,1.0,31.270877904139926
104,security123,substitution+numeric_suffix,1,56.86917501586544,59.375,1.0,0.0,1.0,1.0,0.0,34.08962954622227
1,Welcome!,capitalization+symbol_suffix,1,51.138539382230086,62.5,1.0,1.0,0.0,0.0,1.0,34.200821979506806
320,ZIjeyIe8Qmvtd^,synthetic_random_like,0,91.76424392348693,93.75,0.0,0.0,0.0,0.0,0.0,0.0
357,PaOHCHNtPFmwa,synthetic_random_like,0,74.10571633583419,65.625,0.0,0.0,0.0,0.0,0.0,0.0
231,lVBLM4Y4rSwi,synthetic_random_like,0,71.45035572464249,75.0,0.0,0.0,0.0,0.0,0.0,0.0
194,lpJph%qFPOCHI,synthetic_random_like,0,83.10012649612389,78.125,0.0,0.0,0.0,0.0,0.0,0.0
175,7fcL**goQ3HXM,synthetic_random_like,0,85.2096550718093,90.625,0.0,0.0,0.0,0.0,0.0,0.0
360,kww#srv#Kg6BcG3P,synthetic_random_like,0,104.8734216268422,100.0,0.0,0.0,0.0,0.0,0.0,0.0
