id,password,label,length,character_set_size,search_space,entropy_bits,dictionary_base,mutation_count,mvs,psi,risk_category
1,password,dictionary_only,8,26,208827064576,37.603517745128734,password,0,35.0,30.552858167917098,Moderate predictability risk
2,Password,capitalization,8,52,53459728531456,45.603517745128734,password,1,50.0,28.502198590705454,Moderate predictability risk
3,password2026,numeric_suffix,12,36,4738381338321616896,62.03910001730775,password,2,75.0,19.387218755408668,High predictability risk
4,Password1,capitalization+numeric_suffix,9,62,13537086546263552,53.58776679348188,password,3,90.0,6.698470849185233,High predictability risk
5,password!,symbol_suffix,9,58,7427658739644928,52.721828956148144,password,1,44.99999999999999,36.246257407351855,Moderate predictability risk
6,Password!,capitalization+symbol_suffix,9,84,208215748530929664,57.530856805008845,password,2,60.0,28.765428402504423,Moderate predictability risk
7,p@$$w0rd1,substitution+numeric_suffix,9,68,31087100296429568,54.787165571253055,password,2,75.0,17.12098924101658,High predictability risk
8,welcome,dictionary_only,7,26,8031810176,32.90307802698764,welcome,0,35.0,26.733750896927457,Moderate predictability risk
9,Welcome,capitalization,7,52,1028071702528,39.90307802698764,welcome,1,50.0,24.93942376686728,High predictability risk
10,welcome2026,numeric_suffix,11,36,131621703842267136,56.86917501586544,welcome,2,75.0,17.77161719245795,High predictability risk
11,Welcome123,capitalization+numeric_suffix,10,62,839299365868340224,59.54196310386875,welcome,3,90.0,7.442745387983592,High predictability risk
12,welcome!,symbol_suffix,8,58,128063081718016,46.863847961020575,welcome,1,44.99999999999999,32.21889547320165,Moderate predictability risk
13,Welcome!,capitalization+symbol_suffix,8,84,2478758911082496,51.138539382230086,welcome,2,60.0,25.569269691115043,Moderate predictability risk
14,w3lc0m31,substitution+numeric_suffix,8,36,2821109907456,41.3594000115385,welcome,2,75.0,12.924812503605782,High predictability risk
15,admin,dictionary_only,5,26,11881376,23.502198590705454,admin,0,35.0,19.095536354948187,High predictability risk
16,Admin,capitalization,5,52,380204032,28.502198590705454,admin,1,50.0,17.813874119190913,High predictability risk
17,admin12,numeric_suffix,7,36,78364164096,36.18947501009619,admin,2,75.0,11.30921094065506,High predictability risk
18,Admin12,capitalization+numeric_suffix,7,62,3521614606208,41.67937417270812,admin,3,90.0,5.2099217715885136,High predictability risk
19,admin!,symbol_suffix,6,58,38068692544,35.14788597076543,admin,1,44.99999999999999,24.164171604901235,High predictability risk
20,Admin!,capitalization+symbol_suffix,6,84,351298031616,38.353904536672566,admin,2,60.0,19.176952268336283,High predictability risk
21,@dmin2026,substitution+numeric_suffix,9,68,31087100296429568,54.787165571253055,admin,2,75.0,17.12098924101658,High predictability risk
22,dragon,dictionary_only,6,26,308915776,28.202638308846552,dragon,0,35.0,22.91464362593782,High predictability risk
23,Dragon,capitalization,6,52,19770609664,34.20263830884655,dragon,1,50.0,21.376648943029096,High predictability risk
24,dragon1,numeric_suffix,7,36,78364164096,36.18947501009619,dragon,2,75.0,11.30921094065506,High predictability risk
25,Dragon2026,capitalization+numeric_suffix,10,62,839299365868340224,59.54196310386875,dragon,3,90.0,7.442745387983592,High predictability risk
26,dragon!,symbol_suffix,7,58,2207984167552,41.005866965893006,dragon,1,44.99999999999999,28.191533539051445,Moderate predictability risk
27,Dragon!,capitalization+symbol_suffix,7,84,29509034655744,44.746221959451326,dragon,2,60.0,22.373110979725663,High predictability risk
28,dr@g0n1,substitution+numeric_suffix,7,68,6722988818432,42.61223988875237,dragon,2,75.0,13.316324965235117,High predictability risk
29,football,dictionary_only,8,26,208827064576,37.603517745128734,football,0,35.0,30.552858167917098,Moderate predictability risk
30,Football,capitalization,8,52,53459728531456,45.603517745128734,football,1,50.0,28.502198590705454,Moderate predictability risk
31,football2025,numeric_suffix,12,36,4738381338321616896,62.03910001730775,football,2,75.0,19.387218755408668,High predictability risk
32,Football2024,capitalization+numeric_suffix,12,62,3226266762397899821056,71.45035572464249,football,3,90.0,8.93129446558031,High predictability risk
33,football!,symbol_suffix,9,58,7427658739644928,52.721828956148144,football,1,44.99999999999999,36.246257407351855,Moderate predictability risk
34,Football!,capitalization+symbol_suffix,9,84,208215748530929664,57.530856805008845,football,2,60.0,28.765428402504423,Moderate predictability risk
35,f00tb@ll1,substitution+numeric_suffix,9,68,31087100296429568,54.787165571253055,football,2,75.0,17.12098924101658,High predictability risk
36,summer,dictionary_only,6,26,308915776,28.202638308846552,summer,0,35.0,22.91464362593782,High predictability risk
37,Summer,capitalization,6,52,19770609664,34.20263830884655,summer,1,50.0,21.376648943029096,High predictability risk
38,summer1,numeric_suffix,7,36,78364164096,36.18947501009619,summer,2,75.0,11.30921094065506,High predictability risk
39,Summer1,capitalization+numeric_suffix,7,62,3521614606208,41.67937417270812,summer,3,90.0,5.2099217715885136,High predictability risk
40,summer!,symbol_suffix,7,58,2207984167552,41.005866965893006,summer,1,44.99999999999999,28.191533539051445,Moderate predictability risk
41,Summer!,capitalization+symbol_suffix,7,84,29509034655744,44.746221959451326,summer,2,60.0,22.373110979725663,High predictability risk
42,$umm3r1,substitution+numeric_suffix,7,68,6722988818432,42.61223988875237,summer,2,75.0,13.316324965235117,High predictability risk
43,computer,dictionary_only,8,26,208827064576,37.603517745128734,computer,0,35.0,30.552858167917098,Moderate predictability risk
44,Computer,capitalization,8,52,53459728531456,45.603517745128734,computer,1,50.0,28.502198590705454,Moderate predictability risk
45,computer12,numeric_suffix,10,36,3656158440062976,51.69925001442312,computer,2,75.0,16.156015629507227,High predictability risk
46,Computer2026,capitalization+numeric_suffix,12,62,3226266762397899821056,71.45035572464249,computer,3,90.0,8.93129446558031,High predictability risk
47,computer!,symbol_suffix,9,58,7427658739644928,52.721828956148144,computer,1,44.99999999999999,36.246257407351855,Moderate predictability risk
48,Computer!,capitalization+symbol_suffix,9,84,208215748530929664,57.530856805008845,computer,2,60.0,28.765428402504423,Moderate predictability risk
49,c0mput3r2026,substitution+numeric_suffix,12,36,4738381338321616896,62.03910001730775,computer,2,75.0,19.387218755408668,High predictability risk
50,security,dictionary_only,8,26,208827064576,37.603517745128734,security,0,35.0,30.552858167917098,Moderate predictability risk
51,Security,capitalization,8,52,53459728531456,45.603517745128734,security,1,50.0,28.502198590705454,Moderate predictability risk
52,security1,numeric_suffix,9,36,101559956668416,46.529325012980806,security,2,75.0,14.5404140665565,High predictability risk
53,Security2026,capitalization+numeric_suffix,12,62,3226266762397899821056,71.45035572464249,security,3,90.0,8.93129446558031,High predictability risk
54,security!,symbol_suffix,9,58,7427658739644928,52.721828956148144,security,1,44.99999999999999,36.246257407351855,Moderate predictability risk
55,Security!,capitalization+symbol_suffix,9,84,208215748530929664,57.530856805008845,security,2,60.0,28.765428402504423,Moderate predictability risk
56,$3curity1,substitution+numeric_suffix,9,68,31087100296429568,54.787165571253055,security,2,75.0,17.12098924101658,High predictability risk
57,student,dictionary_only,7,26,8031810176,32.90307802698764,student,0,35.0,26.733750896927457,Moderate predictability risk
58,Student,capitalization,7,52,1028071702528,39.90307802698764,student,1,50.0,24.93942376686728,High predictability risk
59,student2026,numeric_suffix,11,36,131621703842267136,56.86917501586544,student,2,75.0,17.77161719245795,High predictability risk
60,Student2026,capitalization+numeric_suffix,11,62,52036560683837093888,65.49615941425563,student,3,90.0,8.187019926781952,High predictability risk
61,student!,symbol_suffix,8,58,128063081718016,46.863847961020575,student,1,44.99999999999999,32.21889547320165,Moderate predictability risk
62,Student!,capitalization+symbol_suffix,8,84,2478758911082496,51.138539382230086,student,2,60.0,25.569269691115043,Moderate predictability risk
63,$tud3nt123,substitution+numeric_suffix,10,68,2113922820157210624,60.87462841250339,student,2,75.0,19.02332137890731,High predictability risk
64,college,dictionary_only,7,26,8031810176,32.90307802698764,college,0,35.0,26.733750896927457,Moderate predictability risk
65,College,capitalization,7,52,1028071702528,39.90307802698764,college,1,50.0,24.93942376686728,High predictability risk
66,college12,numeric_suffix,9,36,101559956668416,46.529325012980806,college,2,75.0,14.5404140665565,High predictability risk
67,College2024,capitalization+numeric_suffix,11,62,52036560683837093888,65.49615941425563,college,3,90.0,8.187019926781952,High predictability risk
68,college!,symbol_suffix,8,58,128063081718016,46.863847961020575,college,1,44.99999999999999,32.21889547320165,Moderate predictability risk
69,College!,capitalization+symbol_suffix,8,84,2478758911082496,51.138539382230086,college,2,60.0,25.569269691115043,Moderate predictability risk
70,c0ll3g32026,substitution+numeric_suffix,11,36,131621703842267136,56.86917501586544,college,2,75.0,17.77161719245795,High predictability risk
71,hello,dictionary_only,5,26,11881376,23.502198590705454,hello,0,35.0,19.095536354948187,High predictability risk
72,Hello,capitalization,5,52,380204032,28.502198590705454,hello,1,50.0,17.813874119190913,High predictability risk
73,hello123,numeric_suffix,8,36,2821109907456,41.3594000115385,hello,2,75.0,12.924812503605782,High predictability risk
74,Hello1,capitalization+numeric_suffix,6,62,56800235584,35.725177862321246,hello,3,90.0,4.465647232790155,High predictability risk
75,hello!,symbol_suffix,6,58,38068692544,35.14788597076543,hello,1,44.99999999999999,24.164171604901235,High predictability risk
76,Hello!,capitalization+symbol_suffix,6,84,351298031616,38.353904536672566,hello,2,60.0,19.176952268336283,High predictability risk
77,h3ll01,substitution+numeric_suffix,6,36,2176782336,31.019550008653876,hello,2,75.0,9.693609377704334,High predictability risk
78,secret,dictionary_only,6,26,308915776,28.202638308846552,secret,0,35.0,22.91464362593782,High predictability risk
79,Secret,capitalization,6,52,19770609664,34.20263830884655,secret,1,50.0,21.376648943029096,High predictability risk
80,secret2026,numeric_suffix,10,36,3656158440062976,51.69925001442312,secret,2,75.0,16.156015629507227,High predictability risk
81,Secret2024,capitalization+numeric_suffix,10,62,839299365868340224,59.54196310386875,secret,3,90.0,7.442745387983592,High predictability risk
82,secret!,symbol_suffix,7,58,2207984167552,41.005866965893006,secret,1,44.99999999999999,28.191533539051445,Moderate predictability risk
83,Secret!,capitalization+symbol_suffix,7,84,29509034655744,44.746221959451326,secret,2,60.0,22.373110979725663,High predictability risk
84,$3cr3t123,substitution+numeric_suffix,9,68,31087100296429568,54.787165571253055,secret,2,75.0,17.12098924101658,High predictability risk
85,master,dictionary_only,6,26,308915776,28.202638308846552,master,0,35.0,22.91464362593782,High predictability risk
86,Master,capitalization,6,52,19770609664,34.20263830884655,master,1,50.0,21.376648943029096,High predictability risk
87,master123,numeric_suffix,9,36,101559956668416,46.529325012980806,master,2,75.0,14.5404140665565,High predictability risk
88,Master12,capitalization+numeric_suffix,8,62,218340105584896,47.633570483095,master,3,90.0,5.954196310386873,High predictability risk
89,master!,symbol_suffix,7,58,2207984167552,41.005866965893006,master,1,44.99999999999999,28.191533539051445,Moderate predictability risk
90,Master!,capitalization+symbol_suffix,7,84,29509034655744,44.746221959451326,master,2,60.0,22.373110979725663,High predictability risk
91,m@$t3r1,substitution+numeric_suffix,7,68,6722988818432,42.61223988875237,master,2,75.0,13.316324965235117,High predictability risk
92,winter,dictionary_only,6,26,308915776,28.202638308846552,winter,0,35.0,22.91464362593782,High predictability risk
93,Winter,capitalization,6,52,19770609664,34.20263830884655,winter,1,50.0,21.376648943029096,High predictability risk
94,winter123,numeric_suffix,9,36,101559956668416,46.529325012980806,winter,2,75.0,14.5404140665565,High predictability risk
95,Winter1,capitalization+numeric_suffix,7,62,3521614606208,41.67937417270812,winter,3,90.0,5.2099217715885136,High predictability risk
96,winter!,symbol_suffix,7,58,2207984167552,41.005866965893006,winter,1,44.99999999999999,28.191533539051445,Moderate predictability risk
97,Winter!,capitalization+symbol_suffix,7,84,29509034655744,44.746221959451326,winter,2,60.0,22.373110979725663,High predictability risk
98,wint3r1,substitution+numeric_suffix,7,36,78364164096,36.18947501009619,winter,2,75.0,11.30921094065506,High predictability risk
99,spring,dictionary_only,6,26,308915776,28.202638308846552,spring,0,35.0,22.91464362593782,High predictability risk
100,Spring,capitalization,6,52,19770609664,34.20263830884655,spring,1,50.0,21.376648943029096,High predictability risk
101,spring2024,numeric_suffix,10,36,3656158440062976,51.69925001442312,spring,2,75.0,16.156015629507227,High predictability risk
102,Spring1,capitalization+numeric_suffix,7,62,3521614606208,41.67937417270812,spring,3,90.0,5.2099217715885136,High predictability risk
103,spring!,symbol_suffix,7,58,2207984167552,41.005866965893006,spring,1,44.99999999999999,28.191533539051445,Moderate predictability risk
104,Spring!,capitalization+symbol_suffix,7,84,29509034655744,44.746221959451326,spring,2,60.0,22.373110979725663,High predictability risk
105,$pring123,substitution+numeric_suffix,9,68,31087100296429568,54.787165571253055,spring,2,75.0,17.12098924101658,High predictability risk
106,SHf6&pWk,synthetic_random_like,8,94,6095689385410816,52.4367108134211,,0,0.0,65.54588851677637,Moderate security
107,LUyifDLk,synthetic_random_like,8,52,53459728531456,45.603517745128734,,0,0.0,57.00439718141092,Moderate security
108,DmWJ6UuV,synthetic_random_like,8,62,218340105584896,47.633570483095,,0,0.0,59.541963103868746,Moderate security
109,TAIjv&Fu,synthetic_random_like,8,84,2478758911082496,51.138539382230086,,0,0.0,63.923174227787605,Moderate security
110,7WICPhDe,synthetic_random_like,8,62,218340105584896,47.633570483095,,0,0.0,59.541963103868746,Moderate security
111,OZIiBOB@,synthetic_random_like,8,84,2478758911082496,51.138539382230086,,0,10.0,57.530856805008845,Moderate security
112,Y6sHrF&H,synthetic_random_like,8,94,6095689385410816,52.4367108134211,,0,0.0,65.54588851677637,Moderate security
113,2ZUCr$@l,synthetic_random_like,8,94,6095689385410816,52.4367108134211,,0,0.0,65.54588851677637,Moderate security
114,gotu2iXW,synthetic_random_like,8,62,218340105584896,47.633570483095,,0,0.0,59.541963103868746,Moderate security
115,7^Gbo&IR,synthetic_random_like,8,94,6095689385410816,52.4367108134211,,0,0.0,65.54588851677637,Moderate security
116,oL3u6aH#,synthetic_random_like,8,94,6095689385410816,52.4367108134211,,0,10.0,58.99129966509874,Moderate security
117,w#nM#ztV,synthetic_random_like,8,84,2478758911082496,51.138539382230086,,0,0.0,63.923174227787605,Moderate security
118,u*^aP!co,synthetic_random_like,8,84,2478758911082496,51.138539382230086,,0,0.0,63.923174227787605,Moderate security
119,UNEhEkk!,synthetic_random_like,8,84,2478758911082496,51.138539382230086,,0,10.0,57.530856805008845,Moderate security
120,i&qq8vH^,synthetic_random_like,8,94,6095689385410816,52.4367108134211,,0,10.0,58.99129966509874,Moderate security
121,2B*zNZV4,synthetic_random_like,8,94,6095689385410816,52.4367108134211,,0,20.0,52.4367108134211,Moderate security
122,%5pFCiRc,synthetic_random_like,8,94,6095689385410816,52.4367108134211,,0,0.0,65.54588851677637,Moderate security
123,DCajhDie,synthetic_random_like,8,52,53459728531456,45.603517745128734,,0,0.0,57.00439718141092,Moderate security
124,Qj$EJ!B*,synthetic_random_like,8,84,2478758911082496,51.138539382230086,,0,10.0,57.530856805008845,Moderate security
125,q8F80ymm,synthetic_random_like,8,62,218340105584896,47.633570483095,,0,0.0,59.541963103868746,Moderate security
126,3T207gmh,synthetic_random_like,8,62,218340105584896,47.633570483095,,0,0.0,59.541963103868746,Moderate security
127,ZRnFyy&5,synthetic_random_like,8,94,6095689385410816,52.4367108134211,,0,20.0,52.4367108134211,Moderate security
128,r2xJ7Fj4,synthetic_random_like,8,62,218340105584896,47.633570483095,,0,20.0,47.633570483095,Moderate predictability risk
129,mg*blEv0,synthetic_random_like,8,94,6095689385410816,52.4367108134211,,0,20.0,52.4367108134211,Moderate security
130,!9BZhvWa,synthetic_random_like,8,94,6095689385410816,52.4367108134211,,0,0.0,65.54588851677637,Moderate security
131,XH6K2!tyL,synthetic_random_like,9,94,572994802228616704,58.99129966509874,,0,0.0,73.73912458137342,Moderate security
132,Bh*hOhg9#,synthetic_random_like,9,94,572994802228616704,58.99129966509874,,0,10.0,66.36521212323608,Moderate security
133,^uh$kxiiE,synthetic_random_like,9,84,208215748530929664,57.530856805008845,,0,0.0,71.91357100626105,Moderate security
134,ZpFfk1%OH,synthetic_random_like,9,94,572994802228616704,58.99129966509874,,0,0.0,73.73912458137342,Moderate security
135,AOEHYqM6O,synthetic_random_like,9,62,13537086546263552,53.58776679348188,,0,0.0,66.98470849185234,Moderate security
136,jb6mj&B#H,synthetic_random_like,9,94,572994802228616704,58.99129966509874,,0,0.0,73.73912458137342,Moderate security
137,qSiFVKu4*,synthetic_random_like,9,94,572994802228616704,58.99129966509874,,0,10.0,66.36521212323608,Moderate security
138,M^bMnrHon,synthetic_random_like,9,84,208215748530929664,57.530856805008845,,0,0.0,71.91357100626105,Moderate security
139,tIKARAH#!,synthetic_random_like,9,84,208215748530929664,57.530856805008845,,0,10.0,64.72221390563494,Moderate security
140,Ggl2JfaQq,synthetic_random_like,9,62,13537086546263552,53.58776679348188,,0,0.0,66.98470849185234,Moderate security
141,Hu42bojt*,synthetic_random_like,9,94,572994802228616704,58.99129966509874,,0,10.0,66.36521212323608,Moderate security
142,eVs3qfNUf,synthetic_random_like,9,62,13537086546263552,53.58776679348188,,0,0.0,66.98470849185234,Moderate security
143,TAFnT0tEu,synthetic_random_like,9,62,13537086546263552,53.58776679348188,,0,0.0,66.98470849185234,Moderate security
144,w0dwQ0FIu,synthetic_random_like,9,62,13537086546263552,53.58776679348188,,0,0.0,66.98470849185234,Moderate security
145,nWe8Cz6SN,synthetic_random_like,9,62,13537086546263552,53.58776679348188,,0,0.0,66.98470849185234,Moderate security
146,DCdyZQJiJ,synthetic_random_like,9,52,2779905883635712,51.30395746326983,,0,0.0,64.12994682908729,Moderate security
147,S$Z&QdoHw,synthetic_random_like,9,84,208215748530929664,57.530856805008845,,0,0.0,71.91357100626105,Moderate security
148,Hen3SO3$o,synthetic_random_like,9,94,572994802228616704,58.99129966509874,,0,0.0,73.73912458137342,Moderate security
149,XyGf3a%&z,synthetic_random_like,9,94,572994802228616704,58.99129966509874,,0,0.0,73.73912458137342,Moderate security
150,U3iQOpM#N,synthetic_random_like,9,94,572994802228616704,58.99129966509874,,0,0.0,73.73912458137342,Moderate security
151,0PZLqy1Ww,synthetic_random_like,9,62,13537086546263552,53.58776679348188,,0,0.0,66.98470849185234,Moderate security
152,MZaMKA3P7,synthetic_random_like,9,62,13537086546263552,53.58776679348188,,0,20.0,53.58776679348188,Moderate security
153,44B$8vkK$,synthetic_random_like,9,94,572994802228616704,58.99129966509874,,0,10.0,66.36521212323608,Moderate security
154,QlENCzsdf,synthetic_random_like,9,52,2779905883635712,51.30395746326983,,0,0.0,64.12994682908729,Moderate security
155,F8j61yX@Z,synthetic_random_like,9,94,572994802228616704,58.99129966509874,,0,0.0,73.73912458137342,Moderate security
156,Fsan2Cw%7g,synthetic_random_like,10,94,53861511409489970176,65.54588851677637,,0,0.0,81.93236064597048,Higher security
157,Fp6r7^O4#2,synthetic_random_like,10,94,53861511409489970176,65.54588851677637,,0,20.0,65.54588851677639,Moderate security
158,5u85HFJ%!E,synthetic_random_like,10,94,53861511409489970176,65.54588851677637,,0,0.0,81.93236064597048,Higher security
159,J4jKEIQO*k,synthetic_random_like,10,94,53861511409489970176,65.54588851677637,,0,0.0,81.93236064597048,Higher security
160,rtDXtBi10Q,synthetic_random_like,10,62,839299365868340224,59.54196310386875,,0,0.0,74.42745387983594,Moderate security
161,*71hA1XcW9,synthetic_random_like,10,94,53861511409489970176,65.54588851677637,,0,20.0,65.54588851677639,Moderate security
162,aTMX1&*C!C,synthetic_random_like,10,94,53861511409489970176,65.54588851677637,,0,0.0,81.93236064597048,Higher security
163,I3!dXRZv7q,synthetic_random_like,10,94,53861511409489970176,65.54588851677637,,0,0.0,81.93236064597048,Higher security
164,&dYdk2r7xg,synthetic_random_like,10,94,53861511409489970176,65.54588851677637,,0,0.0,81.93236064597048,Higher security
165,HWPB6PRWJ1,synthetic_random_like,10,36,3656158440062976,51.69925001442312,,0,20.0,51.69925001442313,Moderate security
166,Gk8c*gSCif,synthetic_random_like,10,94,53861511409489970176,65.54588851677637,,0,0.0,81.93236064597048,Higher security
167,dFzctEq8oB,synthetic_random_like,10,62,839299365868340224,59.54196310386875,,0,0.0,74.42745387983594,Moderate security
168,7GVvouNndN,synthetic_random_like,10,62,839299365868340224,59.54196310386875,,0,0.0,74.42745387983594,Moderate security
169,WYzjFnMpfS,synthetic_random_like,10,52,144555105949057024,57.00439718141092,,0,0.0,71.25549647676365,Moderate security
170,&2Vi#Rb1!n,synthetic_random_like,10,94,53861511409489970176,65.54588851677637,,0,0.0,81.93236064597048,Higher security
171,3U6t3w%I&9,synthetic_random_like,10,94,53861511409489970176,65.54588851677637,,0,20.0,65.54588851677639,Moderate security
172,73IPFlJ5F7,synthetic_random_like,10,62,839299365868340224,59.54196310386875,,0,20.0,59.54196310386875,Moderate security
173,WRd@Px!BTH,synthetic_random_like,10,84,17490122876598091776,63.923174227787605,,0,0.0,79.9039677847345,Higher security
174,RJJb%ykE0!,synthetic_random_like,10,94,53861511409489970176,65.54588851677637,,0,10.0,73.73912458137343,Moderate security
175,E8!5clLCZF,synthetic_random_like,10,94,53861511409489970176,65.54588851677637,,0,0.0,81.93236064597048,Higher security
176,NV8^S2QT6I,synthetic_random_like,10,68,2113922820157210624,60.87462841250339,,0,0.0,76.09328551562923,Higher security
177,NGDpyOp&xy,synthetic_random_like,10,84,17490122876598091776,63.923174227787605,,0,0.0,79.9039677847345,Higher security
178,B9J^KmyLDU,synthetic_random_like,10,94,53861511409489970176,65.54588851677637,,0,0.0,81.93236064597048,Higher security
179,wMb&qJfgLq,synthetic_random_like,10,84,17490122876598091776,63.923174227787605,,0,0.0,79.9039677847345,Higher security
180,!nbK894Rxg,synthetic_random_like,10,94,53861511409489970176,65.54588851677637,,0,0.0,81.93236064597048,Higher security
181,G9oiZ!jgttM,synthetic_random_like,11,94,5062982072492057196544,72.10047736845401,,0,0.0,90.1255967105675,Higher security
182,kFp1C%W54M2,synthetic_random_like,11,94,5062982072492057196544,72.10047736845401,,0,20.0,72.10047736845401,Moderate security
183,NhmABHkuEwj,synthetic_random_like,11,52,7516865509350965248,62.70483689955201,,0,0.0,78.38104612444002,Higher security
184,ua058LeDKK6,synthetic_random_like,11,62,52036560683837093888,65.49615941425563,,0,20.0,65.49615941425563,Moderate security
185,jDHz2o*CtIs,synthetic_random_like,11,94,5062982072492057196544,72.10047736845401,,0,0.0,90.1255967105675,Higher security
186,jhvNK4p7MZI,synthetic_random_like,11,62,52036560683837093888,65.49615941425563,,0,0.0,81.87019926781953,Higher security
187,#*@4kf3PGdl,synthetic_random_like,11,94,5062982072492057196544,72.10047736845401,,0,0.0,90.1255967105675,Higher security
188,DcIfw8%4Jx3,synthetic_random_like,11,94,5062982072492057196544,72.10047736845401,,0,20.0,72.10047736845401,Moderate security
189,!l8S0QPnuQ0,synthetic_random_like,11,94,5062982072492057196544,72.10047736845401,,0,20.0,72.10047736845401,Moderate security
190,@KZe6lOGPoZ,synthetic_random_like,11,94,5062982072492057196544,72.10047736845401,,0,0.0,90.1255967105675,Higher security
191,$a*70gy%U@4,synthetic_random_like,11,94,5062982072492057196544,72.10047736845401,,0,20.0,72.10047736845401,Moderate security
192,gAIqK4!pdEu,synthetic_random_like,11,94,5062982072492057196544,72.10047736845401,,0,0.0,90.1255967105675,Higher security
193,Nb0lCo7pt@L,synthetic_random_like,11,94,5062982072492057196544,72.10047736845401,,0,0.0,90.1255967105675,Higher security
194,$I198F6sXy$,synthetic_random_like,11,94,5062982072492057196544,72.10047736845401,,0,10.0,81.11303703951076,Higher security
195,riJ1R#IaKM!,synthetic_random_like,11,94,5062982072492057196544,72.10047736845401,,0,10.0,81.11303703951076,Higher security
196,t5&9SQ*W6Py,synthetic_random_like,11,94,5062982072492057196544,72.10047736845401,,0,0.0,90.1255967105675,Higher security
197,EXD0fO8WXt@,synthetic_random_like,11,94,5062982072492057196544,72.10047736845401,,0,10.0,81.11303703951076,Higher security
198,eq#Qm4m^6bs,synthetic_random_like,11,94,5062982072492057196544,72.10047736845401,,0,0.0,90.1255967105675,Higher security
199,0tj8HRYkQ&W,synthetic_random_like,11,94,5062982072492057196544,72.10047736845401,,0,0.0,90.1255967105675,Higher security
200,O!*eiEKDl3m,synthetic_random_like,11,94,5062982072492057196544,72.10047736845401,,0,0.0,90.1255967105675,Higher security
201,m4vMdfPhLTV,synthetic_random_like,11,62,52036560683837093888,65.49615941425563,,0,0.0,81.87019926781953,Higher security
202,3sF^0xvwkWE,synthetic_random_like,11,94,5062982072492057196544,72.10047736845401,,0,0.0,90.1255967105675,Higher security
203,@sD7G6Gb7K*,synthetic_random_like,11,94,5062982072492057196544,72.10047736845401,,0,10.0,81.11303703951076,Higher security
204,uj4SM2G6MzX,synthetic_random_like,11,62,52036560683837093888,65.49615941425563,,0,0.0,81.87019926781953,Higher security
205,9nEWTLLcYJb,synthetic_random_like,11,62,52036560683837093888,65.49615941425563,,0,0.0,81.87019926781953,Higher security
206,g@KDTCyGrmfN,synthetic_random_like,12,84,123410307017276135571456,76.70780907334513,,0,0.0,95.8847613416814,Higher security
207,4eUqlLP1wzq*,synthetic_random_like,12,94,475920314814253376475136,78.65506622013166,,0,10.0,88.48694949764813,Higher security
208,U^#IvG9LRo7j,synthetic_random_like,12,94,475920314814253376475136,78.65506622013166,,0,0.0,98.31883277516458,Higher security
209,sCYUlYbH&p6V,synthetic_random_like,12,94,475920314814253376475136,78.65506622013166,,0,0.0,98.31883277516458,Higher security
210,HWVnD8dPCi7M,synthetic_random_like,12,62,3226266762397899821056,71.45035572464249,,0,0.0,89.31294465580312,Higher security
211,0orfeM@omE&r,synthetic_random_like,12,94,475920314814253376475136,78.65506622013166,,0,0.0,98.31883277516458,Higher security
212,X6V*1t1m!0Je,synthetic_random_like,12,94,475920314814253376475136,78.65506622013166,,0,0.0,98.31883277516458,Higher security
213,VB44EUmV*ThY,synthetic_random_like,12,94,475920314814253376475136,78.65506622013166,,0,0.0,98.31883277516458,Higher security
214,Jyp6lBcgQFqA,synthetic_random_like,12,62,3226266762397899821056,71.45035572464249,,0,0.0,89.31294465580312,Higher security
215,iABDQsaJsq*G,synthetic_random_like,12,84,123410307017276135571456,76.70780907334513,,0,0.0,95.8847613416814,Higher security
216,wodqbTEPcwHg,synthetic_random_like,12,52,390877006486250192896,68.4052766176931,,0,0.0,85.50659577211638,Higher security
217,q1^oi85U$n5#,synthetic_random_like,12,94,475920314814253376475136,78.65506622013166,,0,10.0,88.48694949764813,Higher security
218,Cf%M6dh9Z2n!,synthetic_random_like,12,94,475920314814253376475136,78.65506622013166,,0,10.0,88.48694949764813,Higher security
219,4jkPsiqJPW^L,synthetic_random_like,12,94,475920314814253376475136,78.65506622013166,,0,0.0,98.31883277516458,Higher security
220,6#3moB35D0R6,synthetic_random_like,12,94,475920314814253376475136,78.65506622013166,,0,20.0,78.65506622013167,Higher security
221,Z1mO2OGVt8il,synthetic_random_like,12,62,3226266762397899821056,71.45035572464249,,0,0.0,89.31294465580312,Higher security
222,kl3mVqhQp0T2,synthetic_random_like,12,62,3226266762397899821056,71.45035572464249,,0,20.0,71.4503557246425,Moderate security
223,gKNTn#Bt9CnS,synthetic_random_like,12,94,475920314814253376475136,78.65506622013166,,0,0.0,98.31883277516458,Higher security
224,VoJC2dIdxINR,synthetic_random_like,12,62,3226266762397899821056,71.45035572464249,,0,0.0,89.31294465580312,Higher security
225,SaxsZisdl^BW,synthetic_random_like,12,84,123410307017276135571456,76.70780907334513,,0,0.0,95.8847613416814,Higher security
226,16RuVNPkgtug,synthetic_random_like,12,62,3226266762397899821056,71.45035572464249,,0,0.0,89.31294465580312,Higher security
227,kI42!41IB$oS,synthetic_random_like,12,94,475920314814253376475136,78.65506622013166,,0,0.0,98.31883277516458,Higher security
228,3oK!^NfCYhaA,synthetic_random_like,12,94,475920314814253376475136,78.65506622013166,,0,0.0,98.31883277516458,Higher security
229,MBrGLPpa@3wq,synthetic_random_like,12,94,475920314814253376475136,78.65506622013166,,0,0.0,98.31883277516458,Higher security
230,W&D#TjYf3c6j,synthetic_random_like,12,94,475920314814253376475136,78.65506622013166,,0,0.0,98.31883277516458,Higher security
231,O2Z1LoZcPv6Ul,synthetic_random_like,13,62,200028539268669788905472,77.40455203502937,,0,0.0,96.75569004378671,Higher security
232,3nF3Z^kYNRCQv,synthetic_random_like,13,94,44736509592539817388662784,85.2096550718093,,0,0.0,100.0,Higher security
233,j$o^$ySSsEnsG,synthetic_random_like,13,84,10366465789451195388002304,83.10012649612389,,0,0.0,100.0,Higher security
234,zwtjw@75POt4i,synthetic_random_like,13,94,44736509592539817388662784,85.2096550718093,,0,0.0,100.0,Higher security
235,84MJhT#jN75eh,synthetic_random_like,13,94,44736509592539817388662784,85.2096550718093,,0,0.0,100.0,Higher security
236,VKjl#X7f5yP8#,synthetic_random_like,13,94,44736509592539817388662784,85.2096550718093,,0,10.0,90.0,Higher security
237,th5nRk#wfF44^,synthetic_random_like,13,94,44736509592539817388662784,85.2096550718093,,0,10.0,90.0,Higher security
238,%uUVKX0RgQiQm,synthetic_random_like,13,94,44736509592539817388662784,85.2096550718093,,0,0.0,100.0,Higher security
239,XKGtQksSNYqkN,synthetic_random_like,13,52,20325604337285010030592,74.10571633583419,,0,0.0,92.63214541979274,Higher security
240,WQq^l2$UcUNxB,synthetic_random_like,13,94,44736509592539817388662784,85.2096550718093,,0,0.0,100.0,Higher security
241,R!yCrtjLm#*^e,synthetic_random_like,13,84,10366465789451195388002304,83.10012649612389,,0,0.0,100.0,Higher security
242,RqWtuxv4f0UE4,synthetic_random_like,13,62,200028539268669788905472,77.40455203502937,,0,20.0,77.40455203502938,Higher security
243,K5D&EN8yV47KW,synthetic_random_like,13,94,44736509592539817388662784,85.2096550718093,,0,0.0,100.0,Higher security
244,#^1uzrGg9Vn%p,synthetic_random_like,13,94,44736509592539817388662784,85.2096550718093,,0,0.0,100.0,Higher security
245,KkuI5$s3lC5Sd,synthetic_random_like,13,94,44736509592539817388662784,85.2096550718093,,0,0.0,100.0,Higher security
246,1gY#VEXkVCdOm,synthetic_random_like,13,94,44736509592539817388662784,85.2096550718093,,0,0.0,100.0,Higher security
247,QsreK8r85akcG,synthetic_random_like,13,62,200028539268669788905472,77.40455203502937,,0,0.0,96.75569004378671,Higher security
248,Bt^2oKEMpgE16,synthetic_random_like,13,94,44736509592539817388662784,85.2096550718093,,0,20.0,80.0,Higher security
249,io@&c$EsL2aTE,synthetic_random_like,13,94,44736509592539817388662784,85.2096550718093,,0,0.0,100.0,Higher security
250,1xk^Ui^*##cX8,synthetic_random_like,13,94,44736509592539817388662784,85.2096550718093,,0,20.0,80.0,Higher security
251,fXVGcTiSEnQrf,synthetic_random_like,13,52,20325604337285010030592,74.10571633583419,,0,0.0,92.63214541979274,Higher security
252,T*Rw79xri6eLz,synthetic_random_like,13,94,44736509592539817388662784,85.2096550718093,,0,0.0,100.0,Higher security
253,fzfON$Y*8GeyK,synthetic_random_like,13,94,44736509592539817388662784,85.2096550718093,,0,0.0,100.0,Higher security
254,TgQIpV3Z4XRx@,synthetic_random_like,13,94,44736509592539817388662784,85.2096550718093,,0,10.0,90.0,Higher security
255,@V%Ik2k3x*LPn,synthetic_random_like,13,94,44736509592539817388662784,85.2096550718093,,0,0.0,100.0,Higher security
256,kPLN52v4S5fT3J,synthetic_random_like,14,62,12401769434657526912139264,83.35874834541625,,0,0.0,100.0,Higher security
257,hjZU$uds4eqiEU,synthetic_random_like,14,94,4205231901698742834534301696,91.76424392348692,,0,0.0,100.0,Higher security
258,UXet5VV4jr^UYO,synthetic_random_like,14,94,4205231901698742834534301696,91.76424392348692,,0,0.0,100.0,Higher security
259,JFodx@%XpHH5BK,synthetic_random_like,14,94,4205231901698742834534301696,91.76424392348692,,0,0.0,100.0,Higher security
260,!zprj5w4lOSi*L,synthetic_random_like,14,94,4205231901698742834534301696,91.76424392348692,,0,0.0,100.0,Higher security
261,MuwU$CpzrE@dUV,synthetic_random_like,14,84,870783126313900412592193536,89.49244391890265,,0,0.0,100.0,Higher security
262,7qliNY9^00jqOj,synthetic_random_like,14,94,4205231901698742834534301696,91.76424392348692,,0,0.0,100.0,Higher security
263,57%Sqxq3#hp%tM,synthetic_random_like,14,94,4205231901698742834534301696,91.76424392348692,,0,0.0,100.0,Higher security
264,vuPCS%KkGzJqM&,synthetic_random_like,14,84,870783126313900412592193536,89.49244391890265,,0,10.0,90.0,Higher security
265,l#vtvRfdkfHA1d,synthetic_random_like,14,94,4205231901698742834534301696,91.76424392348692,,0,0.0,100.0,Higher security
266,@*LM9FZM6jhu41,synthetic_random_like,14,94,4205231901698742834534301696,91.76424392348692,,0,20.0,80.0,Higher security
267,97ARsOOSZqV$nO,synthetic_random_like,14,94,4205231901698742834534301696,91.76424392348692,,0,0.0,100.0,Higher security
268,E7pI5FsmgLX1Fu,synthetic_random_like,14,62,12401769434657526912139264,83.35874834541625,,0,0.0,100.0,Higher security
269,POyu@$7@N@clY#,synthetic_random_like,14,94,4205231901698742834534301696,91.76424392348692,,0,10.0,90.0,Higher security
270,6EBTggK@8K&bn3,synthetic_random_like,14,94,4205231901698742834534301696,91.76424392348692,,0,20.0,80.0,Higher security
271,rHUZUfZgyUKjX#,synthetic_random_like,14,84,870783126313900412592193536,89.49244391890265,,0,10.0,90.0,Higher security
272,5JpqmYVRUsz$Z#,synthetic_random_like,14,94,4205231901698742834534301696,91.76424392348692,,0,10.0,90.0,Higher security
273,fferQ8%6t$rPOu,synthetic_random_like,14,94,4205231901698742834534301696,91.76424392348692,,0,0.0,100.0,Higher security
274,YMR#$&!M8cVQo1,synthetic_random_like,14,94,4205231901698742834534301696,91.76424392348692,,0,20.0,80.0,Higher security
275,Nd8HDg9v^WsFeo,synthetic_random_like,14,94,4205231901698742834534301696,91.76424392348692,,0,0.0,100.0,Higher security
276,yc4O1t0A0#8hr%,synthetic_random_like,14,94,4205231901698742834534301696,91.76424392348692,,0,10.0,90.0,Higher security
277,AP9^WOw6&R*TH9,synthetic_random_like,14,94,4205231901698742834534301696,91.76424392348692,,0,20.0,80.0,Higher security
278,yFJMCMKA!O9SJK,synthetic_random_like,14,94,4205231901698742834534301696,91.76424392348692,,0,0.0,100.0,Higher security
279,p*WYSsLfKkS4G9,synthetic_random_like,14,94,4205231901698742834534301696,91.76424392348692,,0,20.0,80.0,Higher security
280,Bz&IIrnEFg^CDg,synthetic_random_like,14,84,870783126313900412592193536,89.49244391890265,,0,0.0,100.0,Higher security
281,m0Q8mrau089zKPK,synthetic_random_like,15,62,768909704948766668552634368,89.31294465580312,,0,0.0,100.0,Higher security
282,hlD&ew1weY@xLeb,synthetic_random_like,15,94,395291798759681826446224359424,98.31883277516457,,0,0.0,100.0,Higher security
283,MnQK6*^@r#7IyoQ,synthetic_random_like,15,94,395291798759681826446224359424,98.31883277516457,,0,0.0,100.0,Higher security
284,u6GxbRLywZ2$PlZ,synthetic_random_like,15,94,395291798759681826446224359424,98.31883277516457,,0,0.0,100.0,Higher security
285,mxr9PFaHXE5IQMb,synthetic_random_like,15,62,768909704948766668552634368,89.31294465580312,,0,0.0,100.0,Higher security
286,HUEhp7NuZ#NpLVC,synthetic_random_like,15,94,395291798759681826446224359424,98.31883277516457,,0,0.0,100.0,Higher security
287,Cr9t6V18&BFk^5^,synthetic_random_like,15,94,395291798759681826446224359424,98.31883277516457,,0,10.0,90.0,Higher security
288,Ujoh#z&tvP%4oA!,synthetic_random_like,15,94,395291798759681826446224359424,98.31883277516457,,0,10.0,90.0,Higher security
289,l$5h6q$16h7NcYG,synthetic_random_like,15,94,395291798759681826446224359424,98.31883277516457,,0,0.0,100.0,Higher security
290,aBjf2Si*hi8eK0x,synthetic_random_like,15,94,395291798759681826446224359424,98.31883277516457,,0,0.0,100.0,Higher security
291,r1VW5WWk*rSpw&Y,synthetic_random_like,15,94,395291798759681826446224359424,98.31883277516457,,0,0.0,100.0,Higher security
292,^qCacM7*2&WDF6S,synthetic_random_like,15,94,395291798759681826446224359424,98.31883277516457,,0,0.0,100.0,Higher security
293,tJyoe1cEAime5gF,synthetic_random_like,15,62,768909704948766668552634368,89.31294465580312,,0,0.0,100.0,Higher security
294,fZ4D*Bhr#LDOPEM,synthetic_random_like,15,94,395291798759681826446224359424,98.31883277516457,,0,0.0,100.0,Higher security
295,s%C0MJhw2@gSW^O,synthetic_random_like,15,94,395291798759681826446224359424,98.31883277516457,,0,0.0,100.0,Higher security
296,10tMWx&8ECMs7h0,synthetic_random_like,15,94,395291798759681826446224359424,98.31883277516457,,0,20.0,80.0,Higher security
297,1^rXFGAQk5Vl&yg,synthetic_random_like,15,94,395291798759681826446224359424,98.31883277516457,,0,0.0,100.0,Higher security
298,IWfjyB9AQMbByp9,synthetic_random_like,15,62,768909704948766668552634368,89.31294465580312,,0,20.0,80.0,Higher security
299,FAYEPKW7&TNHU$@,synthetic_random_like,15,68,3073503348387795563479826432,91.31194261875508,,0,10.0,90.0,Higher security
300,7m8OAVO0fCscH1L,synthetic_random_like,15,62,768909704948766668552634368,89.31294465580312,,0,0.0,100.0,Higher security
301,tzQDWF@RG!!6vTv,synthetic_random_like,15,94,395291798759681826446224359424,98.31883277516457,,0,0.0,100.0,Higher security
302,r*!x*h^ejga0rDi,synthetic_random_like,15,94,395291798759681826446224359424,98.31883277516457,,0,0.0,100.0,Higher security
303,tbB#6Vh9!ca&0bc,synthetic_random_like,15,94,395291798759681826446224359424,98.31883277516457,,0,0.0,100.0,Higher security
304,^J&Kc#3wnm^tEy^,synthetic_random_like,15,94,395291798759681826446224359424,98.31883277516457,,0,10.0,90.0,Higher security
305,GTIYkVZ6FCMkelZ,synthetic_random_like,15,62,768909704948766668552634368,89.31294465580312,,0,0.0,100.0,Higher security
306,WW8hbvk@3Qm^fDB8,synthetic_random_like,16,94,37157429083410091685945089785856,104.8734216268422,,0,20.0,80.0,Higher security
307,IfjJ*ewOcAsYjMuE,synthetic_random_like,16,84,6144245739270881311250517590016,102.27707876446016,,0,0.0,100.0,Higher security
308,X*QXrk#Sgm3DjRYP,synthetic_random_like,16,94,37157429083410091685945089785856,104.8734216268422,,0,0.0,100.0,Higher security
309,dI5!DTW3xWkLFjkI,synthetic_random_like,16,94,37157429083410091685945089785856,104.8734216268422,,0,0.0,100.0,Higher security
310,tWtXOUnlaN4UInql,synthetic_random_like,16,62,47672401706823533450263330816,95.26714096619,,0,0.0,100.0,Higher security
311,x35$0ndlTlPXbL0X,synthetic_random_like,16,94,37157429083410091685945089785856,104.8734216268422,,0,0.0,100.0,Higher security
312,kF%vWvrIMI@siv3J,synthetic_random_like,16,94,37157429083410091685945089785856,104.8734216268422,,0,0.0,100.0,Higher security
313,1M9jUGF@z6nrMaYQ,synthetic_random_like,16,94,37157429083410091685945089785856,104.8734216268422,,0,0.0,100.0,Higher security
314,WQ4Q3rMPz9OwYOL!,synthetic_random_like,16,94,37157429083410091685945089785856,104.8734216268422,,0,10.0,90.0,Higher security
315,FPWJYUoz*xd7A4Li,synthetic_random_like,16,94,37157429083410091685945089785856,104.8734216268422,,0,0.0,100.0,Higher security
316,0@rMEGt2Wj59Z&#1,synthetic_random_like,16,94,37157429083410091685945089785856,104.8734216268422,,0,20.0,80.0,Higher security
317,*eU&knFTvfZQ3nbm,synthetic_random_like,16,94,37157429083410091685945089785856,104.8734216268422,,0,0.0,100.0,Higher security
318,HC$%C5VY7#tSd9nL,synthetic_random_like,16,94,37157429083410091685945089785856,104.8734216268422,,0,0.0,100.0,Higher security
319,1kosSNR6A%9S8m45,synthetic_random_like,16,94,37157429083410091685945089785856,104.8734216268422,,0,20.0,80.0,Higher security
320,OiMfocRnvF%wuQ27,synthetic_random_like,16,94,37157429083410091685945089785856,104.8734216268422,,0,20.0,80.0,Higher security
321,DZxx3Ydz52XaBAJi,synthetic_random_like,16,62,47672401706823533450263330816,95.26714096619,,0,0.0,100.0,Higher security
322,n&xUPz6oH!^OXYoS,synthetic_random_like,16,94,37157429083410091685945089785856,104.8734216268422,,0,0.0,100.0,Higher security
323,T6wMkrOpENoxVs$X,synthetic_random_like,16,94,37157429083410091685945089785856,104.8734216268422,,0,0.0,100.0,Higher security
324,1rX2x!&wv!KrxO5g,synthetic_random_like,16,94,37157429083410091685945089785856,104.8734216268422,,0,0.0,100.0,Higher security
325,Tb!ryX#@0!14!vkd,synthetic_random_like,16,94,37157429083410091685945089785856,104.8734216268422,,0,0.0,100.0,Higher security
326,CLeJC&Kv6@$ooI*U,synthetic_random_like,16,94,37157429083410091685945089785856,104.8734216268422,,0,0.0,100.0,Higher security
327,*f4*B2nFMe5HSl4p,synthetic_random_like,16,94,37157429083410091685945089785856,104.8734216268422,,0,0.0,100.0,Higher security
328,EAS2vrAAhS&J&vPL,synthetic_random_like,16,94,37157429083410091685945089785856,104.8734216268422,,0,0.0,100.0,Higher security
329,LI$mr0hJqqFsPFY!,synthetic_random_like,16,94,37157429083410091685945089785856,104.8734216268422,,0,10.0,90.0,Higher security
330,sI1W5jlZ$JV6!Pal,synthetic_random_like,16,94,37157429083410091685945089785856,104.8734216268422,,0,0.0,100.0,Higher security
