id,password,label,length,character_set_size,search_space,entropy_bits,dictionary_base,mutation_count,mvs,psi,risk_category,capitalization,substitution,numeric_suffix,symbol_suffix,dictionary_base_flag,empirical_mvs,entropy_normalized,empirical_psi
1,password,dictionary_only,8,26,208827064576,37.603517745128734,password,0,35.0,30.552858167917098,Moderate predictability risk,0,0,0,0,1,31.92771084337349,0.4700439718141092,31.996969165659237
2,Password,capitalization,8,52,53459728531456,45.603517745128734,password,1,50.0,28.502198590705454,Moderate predictability risk,1,0,0,0,1,35.24659385204368,0.5700439718141092,36.91228882907318
3,password2026,numeric_suffix,12,36,4738381338321616896,62.03910001730775,password,2,75.0,19.387218755408668,High predictability risk,0,1,1,0,1,34.08962954622227,0.7754887502163469,51.11275080949652
4,Password1,capitalization+numeric_suffix,9,62,13537086546263552,53.58776679348188,password,3,90.0,6.698470849185233,High predictability risk,1,1,1,0,1,35.57313365611981,0.6698470849185235,43.15614861088348
5,password!,symbol_suffix,9,58,7427658739644928,52.721828956148144,password,1,44.99999999999999,36.246257407351855,Moderate predictability risk,0,0,0,1,1,31.270877904139926,0.6590228619518518,45.29406274305196
6,Password!,capitalization+symbol_suffix,9,84,208215748530929664,57.530856805008845,password,2,60.0,28.765428402504423,Moderate predictability risk,1,0,0,1,1,34.20082197950681,0.7191357100626106,47.31853860730348
7,p@$$w0rd1,substitution+numeric_suffix,9,68,31087100296429568,54.787165571253055,password,2,75.0,17.12098924101658,High predictability risk,0,1,0,0,1,35.9505993387313,0.6848395696406632,43.86356398460566
8,welcome,dictionary_only,7,26,8031810176,32.90307802698764,welcome,0,35.0,26.733750896927457,Moderate predictability risk,0,0,0,0,1,31.92771084337349,0.4112884753373455,27.997348019951833
9,Welcome,capitalization,7,52,1028071702528,39.90307802698764,welcome,1,50.0,24.93942376686728,High predictability risk,1,0,0,0,1,35.24659385204368,0.49878847533734555,32.298252725439035
10,welcome2026,numeric_suffix,11,36,131621703842267136,56.86917501586544,welcome,2,75.0,17.77161719245795,High predictability risk,0,1,1,0,1,34.08962954622227,0.710864687698318,46.85335490870514
11,Welcome123,capitalization+numeric_suffix,10,62,839299365868340224,59.54196310386875,welcome,3,90.0,7.442745387983592,High predictability risk,1,1,1,0,1,35.57313365611981,0.7442745387983594,47.951276234314975
12,welcome!,symbol_suffix,8,58,128063081718016,46.863847961020575,welcome,1,44.99999999999999,32.21889547320165,Moderate predictability risk,0,0,0,1,1,31.270877904139926,0.5857980995127572,40.26138910493508
13,Welcome!,capitalization+symbol_suffix,8,84,2478758911082496,51.138539382230086,welcome,2,60.0,25.569269691115043,Moderate predictability risk,1,0,0,1,1,34.20082197950681,0.639231742277876,42.060923206491985
14,w3lc0m31,substitution+numeric_suffix,8,36,2821109907456,41.3594000115385,welcome,2,75.0,12.924812503605782,High predictability risk,0,1,0,0,1,35.9505993387313,0.5169925001442313,33.113059780608886
15,admin,dictionary_only,5,26,11881376,23.502198590705454,admin,0,35.0,19.095536354948187,High predictability risk,0,0,0,0,1,31.92771084337349,0.2937774823838182,19.998105728537023
16,Admin,capitalization,5,52,380204032,28.502198590705454,admin,1,50.0,17.813874119190913,High predictability risk,1,0,0,0,1,35.24659385204368,0.3562774823838182,23.070180518170734
17,admin12,numeric_suffix,7,36,78364164096,36.18947501009619,admin,2,75.0,11.30921094065506,High predictability risk,0,1,1,0,1,34.08962954622227,0.4523684376262024,29.81577130553964
18,Admin12,capitalization+numeric_suffix,7,62,3521614606208,41.67937417270812,admin,3,90.0,5.2099217715885136,High predictability risk,1,1,1,0,1,35.57313365611981,0.5209921771588515,33.565893364020475
19,admin!,symbol_suffix,6,58,38068692544,35.14788597076543,admin,1,44.99999999999999,24.164171604901235,High predictability risk,0,0,0,1,1,31.270877904139926,0.4393485746345679,30.196041828701308
20,Admin!,capitalization+symbol_suffix,6,84,351298031616,38.353904536672566,admin,2,60.0,19.176952268336283,High predictability risk,1,0,0,1,1,34.20082197950681,0.47942380670840706,31.54569240486899
21,@dmin2026,substitution+numeric_suffix,9,68,31087100296429568,54.787165571253055,admin,2,75.0,17.12098924101658,High predictability risk,0,1,0,0,1,35.9505993387313,0.6848395696406632,43.86356398460566
22,dragon,dictionary_only,6,26,308915776,28.202638308846552,dragon,0,35.0,22.91464362593782,High predictability risk,0,0,0,0,1,31.92771084337349,0.3525329788605819,23.997726874244428
23,Dragon,capitalization,6,52,19770609664,34.20263830884655,dragon,1,50.0,21.376648943029096,High predictability risk,1,0,0,0,1,35.24659385204368,0.4275329788605819,27.68421662180489
24,dragon1,numeric_suffix,7,36,78364164096,36.18947501009619,dragon,2,75.0,11.30921094065506,High predictability risk,0,1,1,0,1,34.08962954622227,0.4523684376262024,29.81577130553964
25,Dragon2026,capitalization+numeric_suffix,10,62,839299365868340224,59.54196310386875,dragon,3,90.0,7.442745387983592,High predictability risk,1,1,1,0,1,35.57313365611981,0.7442745387983594,47.951276234314975
26,dragon!,symbol_suffix,7,58,2207984167552,41.005866965893006,dragon,1,44.99999999999999,28.191533539051445,Moderate predictability risk,0,0,0,1,1,31.270877904139926,0.5125733370736626,35.228715466818194
27,Dragon!,capitalization+symbol_suffix,7,84,29509034655744,44.746221959451326,dragon,2,60.0,22.373110979725663,High predictability risk,1,0,0,1,1,34.20082197950681,0.5593277744931415,36.80330780568049
28,dr@g0n1,substitution+numeric_suffix,7,68,6722988818432,42.61223988875237,dragon,2,75.0,13.316324965235117,High predictability risk,0,1,0,0,1,35.9505993387313,0.5326529986094046,34.11610532135995
29,football,dictionary_only,8,26,208827064576,37.603517745128734,football,0,35.0,30.552858167917098,Moderate predictability risk,0,0,0,0,1,31.92771084337349,0.4700439718141092,31.996969165659237
30,Football,capitalization,8,52,53459728531456,45.603517745128734,football,1,50.0,28.502198590705454,Moderate predictability risk,1,0,0,0,1,35.24659385204368,0.5700439718141092,36.91228882907318
31,football2025,numeric_suffix,12,36,4738381338321616896,62.03910001730775,football,2,75.0,19.387218755408668,High predictability risk,0,1,1,0,1,34.08962954622227,0.7754887502163469,51.11275080949652
32,Football2024,capitalization+numeric_suffix,12,62,3226266762397899821056,71.45035572464249,football,3,90.0,8.93129446558031,High predictability risk,1,1,1,0,1,35.57313365611981,0.8931294465580312,57.54153148117797
33,football!,symbol_suffix,9,58,7427658739644928,52.721828956148144,football,1,44.99999999999999,36.246257407351855,Moderate predictability risk,0,0,0,1,1,31.270877904139926,0.6590228619518518,45.29406274305196
34,Football!,capitalization+symbol_suffix,9,84,208215748530929664,57.530856805008845,football,2,60.0,28.765428402504423,Moderate predictability risk,1,0,0,1,1,34.20082197950681,0.7191357100626106,47.31853860730348
35,f00tb@ll1,substitution+numeric_suffix,9,68,31087100296429568,54.787165571253055,football,2,75.0,17.12098924101658,High predictability risk,0,1,0,0,1,35.9505993387313,0.6848395696406632,43.86356398460566
36,summer,dictionary_only,6,26,308915776,28.202638308846552,summer,0,35.0,22.91464362593782,High predictability risk,0,0,0,0,1,31.92771084337349,0.3525329788605819,23.997726874244428
37,Summer,capitalization,6,52,19770609664,34.20263830884655,summer,1,50.0,21.376648943029096,High predictability risk,1,0,0,0,1,35.24659385204368,0.4275329788605819,27.68421662180489
38,summer1,numeric_suffix,7,36,78364164096,36.18947501009619,summer,2,75.0,11.30921094065506,High predictability risk,0,1,1,0,1,34.08962954622227,0.4523684376262024,29.81577130553964
39,Summer1,capitalization+numeric_suffix,7,62,3521614606208,41.67937417270812,summer,3,90.0,5.2099217715885136,High predictability risk,1,1,1,0,1,35.57313365611981,0.5209921771588515,33.565893364020475
40,summer!,symbol_suffix,7,58,2207984167552,41.005866965893006,summer,1,44.99999999999999,28.191533539051445,Moderate predictability risk,0,0,0,1,1,31.270877904139926,0.5125733370736626,35.228715466818194
41,Summer!,capitalization+symbol_suffix,7,84,29509034655744,44.746221959451326,summer,2,60.0,22.373110979725663,High predictability risk,1,0,0,1,1,34.20082197950681,0.5593277744931415,36.80330780568049
42,$umm3r1,substitution+numeric_suffix,7,68,6722988818432,42.61223988875237,summer,2,75.0,13.316324965235117,High predictability risk,0,1,0,0,1,35.9505993387313,0.5326529986094046,34.11610532135995
43,computer,dictionary_only,8,26,208827064576,37.603517745128734,computer,0,35.0,30.552858167917098,Moderate predictability risk,0,0,0,0,1,31.92771084337349,0.4700439718141092,31.996969165659237
44,Computer,capitalization,8,52,53459728531456,45.603517745128734,computer,1,50.0,28.502198590705454,Moderate predictability risk,1,0,0,0,1,35.24659385204368,0.5700439718141092,36.91228882907318
45,computer12,numeric_suffix,10,36,3656158440062976,51.69925001442312,computer,2,75.0,16.156015629507227,High predictability risk,0,1,1,0,1,34.08962954622227,0.646240625180289,42.59395900791377
46,Computer2026,capitalization+numeric_suffix,12,62,3226266762397899821056,71.45035572464249,computer,3,90.0,8.93129446558031,High predictability risk,1,1,1,0,1,35.57313365611981,0.8931294465580312,57.54153148117797
47,computer!,symbol_suffix,9,58,7427658739644928,52.721828956148144,computer,1,44.99999999999999,36.246257407351855,Moderate predictability risk,0,0,0,1,1,31.270877904139926,0.6590228619518518,45.29406274305196
48,Computer!,capitalization+symbol_suffix,9,84,208215748530929664,57.530856805008845,computer,2,60.0,28.765428402504423,Moderate predictability risk,1,0,0,1,1,34.20082197950681,0.7191357100626106,47.31853860730348
49,c0mput3r2026,substitution+numeric_suffix,12,36,4738381338321616896,62.03910001730775,computer,2,75.0,19.387218755408668,High predictability risk,0,1,0,0,1,35.9505993387313,0.7754887502163469,49.66958967091332
50,security,dictionary_only,8,26,208827064576,37.603517745128734,security,0,35.0,30.552858167917098,Moderate predictability risk,0,0,0,0,1,31.92771084337349,0.4700439718141092,31.996969165659237
51,Security,capitalization,8,52,53459728531456,45.603517745128734,security,1,50.0,28.502198590705454,Moderate predictability risk,1,0,0,0,1,35.24659385204368,0.5700439718141092,36.91228882907318
52,security1,numeric_suffix,9,36,101559956668416,46.529325012980806,security,2,75.0,14.5404140665565,High predictability risk,0,1,1,0,1,34.08962954622227,0.58161656266226,38.334563107122385
53,Security2026,capitalization+numeric_suffix,12,62,3226266762397899821056,71.45035572464249,security,3,90.0,8.93129446558031,High predictability risk,1,1,1,0,1,35.57313365611981,0.8931294465580312,57.54153148117797
54,security!,symbol_suffix,9,58,7427658739644928,52.721828956148144,security,1,44.99999999999999,36.246257407351855,Moderate predictability risk,0,0,0,1,1,31.270877904139926,0.6590228619518518,45.29406274305196
55,Security!,capitalization+symbol_suffix,9,84,208215748530929664,57.530856805008845,security,2,60.0,28.765428402504423,Moderate predictability risk,1,0,0,1,1,34.20082197950681,0.7191357100626106,47.31853860730348
56,$3curity1,substitution+numeric_suffix,9,68,31087100296429568,54.787165571253055,security,2,75.0,17.12098924101658,High predictability risk,0,1,0,0,1,35.9505993387313,0.6848395696406632,43.86356398460566
57,student,dictionary_only,7,26,8031810176,32.90307802698764,student,0,35.0,26.733750896927457,Moderate predictability risk,0,0,0,0,1,31.92771084337349,0.4112884753373455,27.997348019951833
58,Student,capitalization,7,52,1028071702528,39.90307802698764,student,1,50.0,24.93942376686728,High predictability risk,1,0,0,0,1,35.24659385204368,0.49878847533734555,32.298252725439035
59,student2026,numeric_suffix,11,36,131621703842267136,56.86917501586544,student,2,75.0,17.77161719245795,High predictability risk,0,1,1,0,1,34.08962954622227,0.710864687698318,46.85335490870514
60,Student2026,capitalization+numeric_suffix,11,62,52036560683837093888,65.49615941425563,student,3,90.0,8.187019926781952,High predictability risk,1,1,1,0,1,35.57313365611981,0.8187019926781953,52.74640385774647
61,student!,symbol_suffix,8,58,128063081718016,46.863847961020575,student,1,44.99999999999999,32.21889547320165,Moderate predictability risk,0,0,0,1,1,31.270877904139926,0.5857980995127572,40.26138910493508
62,Student!,capitalization+symbol_suffix,8,84,2478758911082496,51.138539382230086,student,2,60.0,25.569269691115043,Moderate predictability risk,1,0,0,1,1,34.20082197950681,0.639231742277876,42.060923206491985
63,$tud3nt123,substitution+numeric_suffix,10,68,2113922820157210624,60.87462841250339,student,2,75.0,19.02332137890731,High predictability risk,0,1,0,0,1,35.9505993387313,0.7609328551562924,48.73729331622851
64,college,dictionary_only,7,26,8031810176,32.90307802698764,college,0,35.0,26.733750896927457,Moderate predictability risk,0,0,0,0,1,31.92771084337349,0.4112884753373455,27.997348019951833
65,College,capitalization,7,52,1028071702528,39.90307802698764,college,1,50.0,24.93942376686728,High predictability risk,1,0,0,0,1,35.24659385204368,0.49878847533734555,32.298252725439035
66,college12,numeric_suffix,9,36,101559956668416,46.529325012980806,college,2,75.0,14.5404140665565,High predictability risk,0,1,1,0,1,34.08962954622227,0.58161656266226,38.334563107122385
67,College2024,capitalization+numeric_suffix,11,62,52036560683837093888,65.49615941425563,college,3,90.0,8.187019926781952,High predictability risk,1,1,1,0,1,35.57313365611981,0.8187019926781953,52.74640385774647
68,college!,symbol_suffix,8,58,128063081718016,46.863847961020575,college,1,44.99999999999999,32.21889547320165,Moderate predictability risk,0,0,0,1,1,31.270877904139926,0.5857980995127572,40.26138910493508
69,College!,capitalization+symbol_suffix,8,84,2478758911082496,51.138539382230086,college,2,60.0,25.569269691115043,Moderate predictability risk,1,0,0,1,1,34.20082197950681,0.639231742277876,42.060923206491985
70,c0ll3g32026,substitution+numeric_suffix,11,36,131621703842267136,56.86917501586544,college,2,75.0,17.77161719245795,High predictability risk,0,1,0,0,1,35.9505993387313,0.710864687698318,45.53045719833721
71,hello,dictionary_only,5,26,11881376,23.502198590705454,hello,0,35.0,19.095536354948187,High predictability risk,0,0,0,0,1,31.92771084337349,0.2937774823838182,19.998105728537023
72,Hello,capitalization,5,52,380204032,28.502198590705454,hello,1,50.0,17.813874119190913,High predictability risk,1,0,0,0,1,35.24659385204368,0.3562774823838182,23.070180518170734
73,hello123,numeric_suffix,8,36,2821109907456,41.3594000115385,hello,2,75.0,12.924812503605782,High predictability risk,0,1,1,0,1,34.08962954622227,0.5169925001442313,34.07516720633102
74,Hello1,capitalization+numeric_suffix,6,62,56800235584,35.725177862321246,hello,3,90.0,4.465647232790155,High predictability risk,1,1,1,0,1,35.57313365611981,0.4465647232790156,28.770765740588985
75,hello!,symbol_suffix,6,58,38068692544,35.14788597076543,hello,1,44.99999999999999,24.164171604901235,High predictability risk,0,0,0,1,1,31.270877904139926,0.4393485746345679,30.196041828701308
76,Hello!,capitalization+symbol_suffix,6,84,351298031616,38.353904536672566,hello,2,60.0,19.176952268336283,High predictability risk,1,0,0,1,1,34.20082197950681,0.47942380670840706,31.54569240486899
77,h3ll01,substitution+numeric_suffix,6,36,2176782336,31.019550008653876,hello,2,75.0,9.693609377704334,High predictability risk,0,1,0,0,1,35.9505993387313,0.38774437510817344,24.83479483545666
78,secret,dictionary_only,6,26,308915776,28.202638308846552,secret,0,35.0,22.91464362593782,High predictability risk,0,0,0,0,1,31.92771084337349,0.3525329788605819,23.997726874244428
79,Secret,capitalization,6,52,19770609664,34.20263830884655,secret,1,50.0,21.376648943029096,High predictability risk,1,0,0,0,1,35.24659385204368,0.4275329788605819,27.68421662180489
80,secret2026,numeric_suffix,10,36,3656158440062976,51.69925001442312,secret,2,75.0,16.156015629507227,High predictability risk,0,1,1,0,1,34.08962954622227,0.646240625180289,42.59395900791377
81,Secret2024,capitalization+numeric_suffix,10,62,839299365868340224,59.54196310386875,secret,3,90.0,7.442745387983592,High predictability risk,1,1,1,0,1,35.57313365611981,0.7442745387983594,47.951276234314975
82,secret!,symbol_suffix,7,58,2207984167552,41.005866965893006,secret,1,44.99999999999999,28.191533539051445,Moderate predictability risk,0,0,0,1,1,31.270877904139926,0.5125733370736626,35.228715466818194
83,Secret!,capitalization+symbol_suffix,7,84,29509034655744,44.746221959451326,secret,2,60.0,22.373110979725663,High predictability risk,1,0,0,1,1,34.20082197950681,0.5593277744931415,36.80330780568049
84,$3cr3t123,substitution+numeric_suffix,9,68,31087100296429568,54.787165571253055,secret,2,75.0,17.12098924101658,High predictability risk,0,1,0,0,1,35.9505993387313,0.6848395696406632,43.86356398460566
85,master,dictionary_only,6,26,308915776,28.202638308846552,master,0,35.0,22.91464362593782,High predictability risk,0,0,0,0,1,31.92771084337349,0.3525329788605819,23.997726874244428
86,Master,capitalization,6,52,19770609664,34.20263830884655,master,1,50.0,21.376648943029096,High predictability risk,1,0,0,0,1,35.24659385204368,0.4275329788605819,27.68421662180489
87,master123,numeric_suffix,9,36,101559956668416,46.529325012980806,master,2,75.0,14.5404140665565,High predictability risk,0,1,1,0,1,34.08962954622227,0.58161656266226,38.334563107122385
88,Master12,capitalization+numeric_suffix,8,62,218340105584896,47.633570483095,master,3,90.0,5.954196310386873,High predictability risk,1,1,1,0,1,35.57313365611981,0.5954196310386874,38.36102098745198
89,master!,symbol_suffix,7,58,2207984167552,41.005866965893006,master,1,44.99999999999999,28.191533539051445,Moderate predictability risk,0,0,0,1,1,31.270877904139926,0.5125733370736626,35.228715466818194
90,Master!,capitalization+symbol_suffix,7,84,29509034655744,44.746221959451326,master,2,60.0,22.373110979725663,High predictability risk,1,0,0,1,1,34.20082197950681,0.5593277744931415,36.80330780568049
91,m@$t3r1,substitution+numeric_suffix,7,68,6722988818432,42.61223988875237,master,2,75.0,13.316324965235117,High predictability risk,0,1,0,0,1,35.9505993387313,0.5326529986094046,34.11610532135995
92,winter,dictionary_only,6,26,308915776,28.202638308846552,winter,0,35.0,22.91464362593782,High predictability risk,0,0,0,0,1,31.92771084337349,0.3525329788605819,23.997726874244428
93,Winter,capitalization,6,52,19770609664,34.20263830884655,winter,1,50.0,21.376648943029096,High predictability risk,1,0,0,0,1,35.24659385204368,0.4275329788605819,27.68421662180489
94,winter123,numeric_suffix,9,36,101559956668416,46.529325012980806,winter,2,75.0,14.5404140665565,High predictability risk,0,1,1,0,1,34.08962954622227,0.58161656266226,38.334563107122385
95,Winter1,capitalization+numeric_suffix,7,62,3521614606208,41.67937417270812,winter,3,90.0,5.2099217715885136,High predictability risk,1,1,1,0,1,35.57313365611981,0.5209921771588515,33.565893364020475
96,winter!,symbol_suffix,7,58,2207984167552,41.005866965893006,winter,1,44.99999999999999,28.191533539051445,Moderate predictability risk,0,0,0,1,1,31.270877904139926,0.5125733370736626,35.228715466818194
97,Winter!,capitalization+symbol_suffix,7,84,29509034655744,44.746221959451326,winter,2,60.0,22.373110979725663,High predictability risk,1,0,0,1,1,34.20082197950681,0.5593277744931415,36.80330780568049
98,wint3r1,substitution+numeric_suffix,7,36,78364164096,36.18947501009619,winter,2,75.0,11.30921094065506,High predictability risk,0,1,0,0,1,35.9505993387313,0.4523684376262024,28.973927308032774
99,spring,dictionary_only,6,26,308915776,28.202638308846552,spring,0,35.0,22.91464362593782,High predictability risk,0,0,0,0,1,31.92771084337349,0.3525329788605819,23.997726874244428
100,Spring,capitalization,6,52,19770609664,34.20263830884655,spring,1,50.0,21.376648943029096,High predictability risk,1,0,0,0,1,35.24659385204368,0.4275329788605819,27.68421662180489
101,spring2024,numeric_suffix,10,36,3656158440062976,51.69925001442312,spring,2,75.0,16.156015629507227,High predictability risk,0,1,1,0,1,34.08962954622227,0.646240625180289,42.59395900791377
102,Spring1,capitalization+numeric_suffix,7,62,3521614606208,41.67937417270812,spring,3,90.0,5.2099217715885136,High predictability risk,1,1,1,0,1,35.57313365611981,0.5209921771588515,33.565893364020475
103,spring!,symbol_suffix,7,58,2207984167552,41.005866965893006,spring,1,44.99999999999999,28.191533539051445,Moderate predictability risk,0,0,0,1,1,31.270877904139926,0.5125733370736626,35.228715466818194
104,Spring!,capitalization+symbol_suffix,7,84,29509034655744,44.746221959451326,spring,2,60.0,22.373110979725663,High predictability risk,1,0,0,1,1,34.20082197950681,0.5593277744931415,36.80330780568049
105,$pring123,substitution+numeric_suffix,9,68,31087100296429568,54.787165571253055,spring,2,75.0,17.12098924101658,High predictability risk,0,1,0,0,1,35.9505993387313,0.6848395696406632,43.86356398460566
106,SHf6&pWk,synthetic_random_like,8,94,6095689385410816,52.4367108134211,,0,0.0,65.54588851677637,Moderate security,0,0,0,0,0,0.0,0.6554588851677637,65.54588851677637
107,LUyifDLk,synthetic_random_like,8,52,53459728531456,45.603517745128734,,0,0.0,57.00439718141092,Moderate security,0,0,0,0,0,0.0,0.5700439718141092,57.004397181410916
108,DmWJ6UuV,synthetic_random_like,8,62,218340105584896,47.633570483095,,0,0.0,59.541963103868746,Moderate security,0,0,0,0,0,0.0,0.5954196310386874,59.541963103868746
109,TAIjv&Fu,synthetic_random_like,8,84,2478758911082496,51.138539382230086,,0,0.0,63.923174227787605,Moderate security,0,0,0,0,0,0.0,0.639231742277876,63.923174227787605
110,7WICPhDe,synthetic_random_like,8,62,218340105584896,47.633570483095,,0,0.0,59.541963103868746,Moderate security,0,0,0,0,0,0.0,0.5954196310386874,59.541963103868746
111,OZIiBOB@,synthetic_random_like,8,84,2478758911082496,51.138539382230086,,0,10.0,57.530856805008845,Moderate security,0,0,0,0,0,0.0,0.639231742277876,63.923174227787605
112,Y6sHrF&H,synthetic_random_like,8,94,6095689385410816,52.4367108134211,,0,0.0,65.54588851677637,Moderate security,0,0,0,0,0,0.0,0.6554588851677637,65.54588851677637
113,2ZUCr$@l,synthetic_random_like,8,94,6095689385410816,52.4367108134211,,0,0.0,65.54588851677637,Moderate security,0,0,0,0,0,0.0,0.6554588851677637,65.54588851677637
114,gotu2iXW,synthetic_random_like,8,62,218340105584896,47.633570483095,,0,0.0,59.541963103868746,Moderate security,0,0,0,0,0,0.0,0.5954196310386874,59.541963103868746
115,7^Gbo&IR,synthetic_random_like,8,94,6095689385410816,52.4367108134211,,0,0.0,65.54588851677637,Moderate security,0,0,0,0,0,0.0,0.6554588851677637,65.54588851677637
116,oL3u6aH#,synthetic_random_like,8,94,6095689385410816,52.4367108134211,,0,10.0,58.99129966509874,Moderate security,0,0,0,0,0,0.0,0.6554588851677637,65.54588851677637
117,w#nM#ztV,synthetic_random_like,8,84,2478758911082496,51.138539382230086,,0,0.0,63.923174227787605,Moderate security,0,0,0,0,0,0.0,0.639231742277876,63.923174227787605
118,u*^aP!co,synthetic_random_like,8,84,2478758911082496,51.138539382230086,,0,0.0,63.923174227787605,Moderate security,0,0,0,0,0,0.0,0.639231742277876,63.923174227787605
119,UNEhEkk!,synthetic_random_like,8,84,2478758911082496,51.138539382230086,,0,10.0,57.530856805008845,Moderate security,0,0,0,0,0,0.0,0.639231742277876,63.923174227787605
120,i&qq8vH^,synthetic_random_like,8,94,6095689385410816,52.4367108134211,,0,10.0,58.99129966509874,Moderate security,0,0,0,0,0,0.0,0.6554588851677637,65.54588851677637
121,2B*zNZV4,synthetic_random_like,8,94,6095689385410816,52.4367108134211,,0,20.0,52.4367108134211,Moderate security,0,0,0,0,0,0.0,0.6554588851677637,65.54588851677637
122,%5pFCiRc,synthetic_random_like,8,94,6095689385410816,52.4367108134211,,0,0.0,65.54588851677637,Moderate security,0,0,0,0,0,0.0,0.6554588851677637,65.54588851677637
123,DCajhDie,synthetic_random_like,8,52,53459728531456,45.603517745128734,,0,0.0,57.00439718141092,Moderate security,0,0,0,0,0,0.0,0.5700439718141092,57.004397181410916
124,Qj$EJ!B*,synthetic_random_like,8,84,2478758911082496,51.138539382230086,,0,10.0,57.530856805008845,Moderate security,0,0,0,0,0,0.0,0.639231742277876,63.923174227787605
125,q8F80ymm,synthetic_random_like,8,62,218340105584896,47.633570483095,,0,0.0,59.541963103868746,Moderate security,0,0,0,0,0,0.0,0.5954196310386874,59.541963103868746
126,3T207gmh,synthetic_random_like,8,62,218340105584896,47.633570483095,,0,0.0,59.541963103868746,Moderate security,0,0,0,0,0,0.0,0.5954196310386874,59.541963103868746
127,ZRnFyy&5,synthetic_random_like,8,94,6095689385410816,52.4367108134211,,0,20.0,52.4367108134211,Moderate security,0,0,0,0,0,0.0,0.6554588851677637,65.54588851677637
128,r2xJ7Fj4,synthetic_random_like,8,62,218340105584896,47.633570483095,,0,20.0,47.633570483095,Moderate predictability risk,0,0,0,0,0,0.0,0.5954196310386874,59.541963103868746
129,mg*blEv0,synthetic_random_like,8,94,6095689385410816,52.4367108134211,,0,20.0,52.4367108134211,Moderate security,0,0,0,0,0,0.0,0.6554588851677637,65.54588851677637
130,!9BZhvWa,synthetic_random_like,8,94,6095689385410816,52.4367108134211,,0,0.0,65.54588851677637,Moderate security,0,0,0,0,0,0.0,0.6554588851677637,65.54588851677637
131,XH6K2!tyL,synthetic_random_like,9,94,572994802228616704,58.99129966509874,,0,0.0,73.73912458137342,Moderate security,0,0,0,0,0,0.0,0.7373912458137342,73.73912458137342
132,Bh*hOhg9#,synthetic_random_like,9,94,572994802228616704,58.99129966509874,,0,10.0,66.36521212323608,Moderate security,0,0,0,0,0,0.0,0.7373912458137342,73.73912458137342
133,^uh$kxiiE,synthetic_random_like,9,84,208215748530929664,57.530856805008845,,0,0.0,71.91357100626105,Moderate security,0,0,0,0,0,0.0,0.7191357100626106,71.91357100626105
134,ZpFfk1%OH,synthetic_random_like,9,94,572994802228616704,58.99129966509874,,0,0.0,73.73912458137342,Moderate security,0,0,0,0,0,0.0,0.7373912458137342,73.73912458137342
135,AOEHYqM6O,synthetic_random_like,9,62,13537086546263552,53.58776679348188,,0,0.0,66.98470849185234,Moderate security,0,0,0,0,0,0.0,0.6698470849185235,66.98470849185234
136,jb6mj&B#H,synthetic_random_like,9,94,572994802228616704,58.99129966509874,,0,0.0,73.73912458137342,Moderate security,0,0,0,0,0,0.0,0.7373912458137342,73.73912458137342
137,qSiFVKu4*,synthetic_random_like,9,94,572994802228616704,58.99129966509874,,0,10.0,66.36521212323608,Moderate security,0,0,0,0,0,0.0,0.7373912458137342,73.73912458137342
138,M^bMnrHon,synthetic_random_like,9,84,208215748530929664,57.530856805008845,,0,0.0,71.91357100626105,Moderate security,0,0,0,0,0,0.0,0.7191357100626106,71.91357100626105
139,tIKARAH#!,synthetic_random_like,9,84,208215748530929664,57.530856805008845,,0,10.0,64.72221390563494,Moderate security,0,0,0,0,0,0.0,0.7191357100626106,71.91357100626105
140,Ggl2JfaQq,synthetic_random_like,9,62,13537086546263552,53.58776679348188,,0,0.0,66.98470849185234,Moderate security,0,0,0,0,0,0.0,0.6698470849185235,66.98470849185234
141,Hu42bojt*,synthetic_random_like,9,94,572994802228616704,58.99129966509874,,0,10.0,66.36521212323608,Moderate security,0,0,0,0,0,0.0,0.7373912458137342,73.73912458137342
142,eVs3qfNUf,synthetic_random_like,9,62,13537086546263552,53.58776679348188,,0,0.0,66.98470849185234,Moderate security,0,0,0,0,0,0.0,0.6698470849185235,66.98470849185234
143,TAFnT0tEu,synthetic_random_like,9,62,13537086546263552,53.58776679348188,,0,0.0,66.98470849185234,Moderate security,0,0,0,0,0,0.0,0.6698470849185235,66.98470849185234
144,w0dwQ0FIu,synthetic_random_like,9,62,13537086546263552,53.58776679348188,,0,0.0,66.98470849185234,Moderate security,0,0,0,0,0,0.0,0.6698470849185235,66.98470849185234
145,nWe8Cz6SN,synthetic_random_like,9,62,13537086546263552,53.58776679348188,,0,0.0,66.98470849185234,Moderate security,0,0,0,0,0,0.0,0.6698470849185235,66.98470849185234
146,DCdyZQJiJ,synthetic_random_like,9,52,2779905883635712,51.30395746326983,,0,0.0,64.12994682908729,Moderate security,0,0,0,0,0,0.0,0.6412994682908729,64.12994682908729
147,S$Z&QdoHw,synthetic_random_like,9,84,208215748530929664,57.530856805008845,,0,0.0,71.91357100626105,Moderate security,0,0,0,0,0,0.0,0.7191357100626106,71.91357100626105
148,Hen3SO3$o,synthetic_random_like,9,94,572994802228616704,58.99129966509874,,0,0.0,73.73912458137342,Moderate security,0,0,0,0,0,0.0,0.7373912458137342,73.73912458137342
149,XyGf3a%&z,synthetic_random_like,9,94,572994802228616704,58.99129966509874,,0,0.0,73.73912458137342,Moderate security,0,0,0,0,0,0.0,0.7373912458137342,73.73912458137342
150,U3iQOpM#N,synthetic_random_like,9,94,572994802228616704,58.99129966509874,,0,0.0,73.73912458137342,Moderate security,0,0,0,0,0,0.0,0.7373912458137342,73.73912458137342
151,0PZLqy1Ww,synthetic_random_like,9,62,13537086546263552,53.58776679348188,,0,0.0,66.98470849185234,Moderate security,0,0,0,0,0,0.0,0.6698470849185235,66.98470849185234
152,MZaMKA3P7,synthetic_random_like,9,62,13537086546263552,53.58776679348188,,0,20.0,53.58776679348188,Moderate security,0,0,0,0,0,0.0,0.6698470849185235,66.98470849185234
153,44B$8vkK$,synthetic_random_like,9,94,572994802228616704,58.99129966509874,,0,10.0,66.36521212323608,Moderate security,0,0,0,0,0,0.0,0.7373912458137342,73.73912458137342
154,QlENCzsdf,synthetic_random_like,9,52,2779905883635712,51.30395746326983,,0,0.0,64.12994682908729,Moderate security,0,0,0,0,0,0.0,0.6412994682908729,64.12994682908729
155,F8j61yX@Z,synthetic_random_like,9,94,572994802228616704,58.99129966509874,,0,0.0,73.73912458137342,Moderate security,0,0,0,0,0,0.0,0.7373912458137342,73.73912458137342
156,Fsan2Cw%7g,synthetic_random_like,10,94,53861511409489970176,65.54588851677637,,0,0.0,81.93236064597048,Higher security,0,0,0,0,0,0.0,0.8193236064597047,81.93236064597048
157,Fp6r7^O4#2,synthetic_random_like,10,94,53861511409489970176,65.54588851677637,,0,20.0,65.54588851677639,Moderate security,0,0,0,0,0,0.0,0.8193236064597047,81.93236064597048
158,5u85HFJ%!E,synthetic_random_like,10,94,53861511409489970176,65.54588851677637,,0,0.0,81.93236064597048,Higher security,0,0,0,0,0,0.0,0.8193236064597047,81.93236064597048
159,J4jKEIQO*k,synthetic_random_like,10,94,53861511409489970176,65.54588851677637,,0,0.0,81.93236064597048,Higher security,0,0,0,0,0,0.0,0.8193236064597047,81.93236064597048
160,rtDXtBi10Q,synthetic_random_like,10,62,839299365868340224,59.54196310386875,,0,0.0,74.42745387983594,Moderate security,0,0,0,0,0,0.0,0.7442745387983594,74.42745387983594
161,*71hA1XcW9,synthetic_random_like,10,94,53861511409489970176,65.54588851677637,,0,20.0,65.54588851677639,Moderate security,0,0,0,0,0,0.0,0.8193236064597047,81.93236064597048
162,aTMX1&*C!C,synthetic_random_like,10,94,53861511409489970176,65.54588851677637,,0,0.0,81.93236064597048,Higher security,0,0,0,0,0,0.0,0.8193236064597047,81.93236064597048
163,I3!dXRZv7q,synthetic_random_like,10,94,53861511409489970176,65.54588851677637,,0,0.0,81.93236064597048,Higher security,0,0,0,0,0,0.0,0.8193236064597047,81.93236064597048
164,&dYdk2r7xg,synthetic_random_like,10,94,53861511409489970176,65.54588851677637,,0,0.0,81.93236064597048,Higher security,0,0,0,0,0,0.0,0.8193236064597047,81.93236064597048
165,HWPB6PRWJ1,synthetic_random_like,10,36,3656158440062976,51.69925001442312,,0,20.0,51.69925001442313,Moderate security,0,0,0,0,0,0.0,0.646240625180289,64.62406251802891
166,Gk8c*gSCif,synthetic_random_like,10,94,53861511409489970176,65.54588851677637,,0,0.0,81.93236064597048,Higher security,0,0,0,0,0,0.0,0.8193236064597047,81.93236064597048
167,dFzctEq8oB,synthetic_random_like,10,62,839299365868340224,59.54196310386875,,0,0.0,74.42745387983594,Moderate security,0,0,0,0,0,0.0,0.7442745387983594,74.42745387983594
168,7GVvouNndN,synthetic_random_like,10,62,839299365868340224,59.54196310386875,,0,0.0,74.42745387983594,Moderate security,0,0,0,0,0,0.0,0.7442745387983594,74.42745387983594
169,WYzjFnMpfS,synthetic_random_like,10,52,144555105949057024,57.00439718141092,,0,0.0,71.25549647676365,Moderate security,0,0,0,0,0,0.0,0.7125549647676366,71.25549647676365
170,&2Vi#Rb1!n,synthetic_random_like,10,94,53861511409489970176,65.54588851677637,,0,0.0,81.93236064597048,Higher security,0,0,0,0,0,0.0,0.8193236064597047,81.93236064597048
171,3U6t3w%I&9,synthetic_random_like,10,94,53861511409489970176,65.54588851677637,,0,20.0,65.54588851677639,Moderate security,0,0,0,0,0,0.0,0.8193236064597047,81.93236064597048
172,73IPFlJ5F7,synthetic_random_like,10,62,839299365868340224,59.54196310386875,,0,20.0,59.54196310386875,Moderate security,0,0,0,0,0,0.0,0.7442745387983594,74.42745387983594
173,WRd@Px!BTH,synthetic_random_like,10,84,17490122876598091776,63.923174227787605,,0,0.0,79.9039677847345,Higher security,0,0,0,0,0,0.0,0.7990396778473451,79.9039677847345
174,RJJb%ykE0!,synthetic_random_like,10,94,53861511409489970176,65.54588851677637,,0,10.0,73.73912458137343,Moderate security,0,0,0,0,0,0.0,0.8193236064597047,81.93236064597048
175,E8!5clLCZF,synthetic_random_like,10,94,53861511409489970176,65.54588851677637,,0,0.0,81.93236064597048,Higher security,0,0,0,0,0,0.0,0.8193236064597047,81.93236064597048
176,NV8^S2QT6I,synthetic_random_like,10,68,2113922820157210624,60.87462841250339,,0,0.0,76.09328551562923,Higher security,0,0,0,0,0,0.0,0.7609328551562924,76.09328551562923
177,NGDpyOp&xy,synthetic_random_like,10,84,17490122876598091776,63.923174227787605,,0,0.0,79.9039677847345,Higher security,0,0,0,0,0,0.0,0.7990396778473451,79.9039677847345
178,B9J^KmyLDU,synthetic_random_like,10,94,53861511409489970176,65.54588851677637,,0,0.0,81.93236064597048,Higher security,0,0,0,0,0,0.0,0.8193236064597047,81.93236064597048
179,wMb&qJfgLq,synthetic_random_like,10,84,17490122876598091776,63.923174227787605,,0,0.0,79.9039677847345,Higher security,0,0,0,0,0,0.0,0.7990396778473451,79.9039677847345
180,!nbK894Rxg,synthetic_random_like,10,94,53861511409489970176,65.54588851677637,,0,0.0,81.93236064597048,Higher security,0,0,0,0,0,0.0,0.8193236064597047,81.93236064597048
181,G9oiZ!jgttM,synthetic_random_like,11,94,5062982072492057196544,72.10047736845401,,0,0.0,90.1255967105675,Higher security,0,0,0,0,0,0.0,0.9012559671056751,90.1255967105675
182,kFp1C%W54M2,synthetic_random_like,11,94,5062982072492057196544,72.10047736845401,,0,20.0,72.10047736845401,Moderate security,0,0,0,0,0,0.0,0.9012559671056751,90.1255967105675
183,NhmABHkuEwj,synthetic_random_like,11,52,7516865509350965248,62.70483689955201,,0,0.0,78.38104612444002,Higher security,0,0,0,0,0,0.0,0.7838104612444001,78.38104612444002
184,ua058LeDKK6,synthetic_random_like,11,62,52036560683837093888,65.49615941425563,,0,20.0,65.49615941425563,Moderate security,0,0,0,0,0,0.0,0.8187019926781953,81.87019926781953
185,jDHz2o*CtIs,synthetic_random_like,11,94,5062982072492057196544,72.10047736845401,,0,0.0,90.1255967105675,Higher security,0,0,0,0,0,0.0,0.9012559671056751,90.1255967105675
186,jhvNK4p7MZI,synthetic_random_like,11,62,52036560683837093888,65.49615941425563,,0,0.0,81.87019926781953,Higher security,0,0,0,0,0,0.0,0.8187019926781953,81.87019926781953
187,#*@4kf3PGdl,synthetic_random_like,11,94,5062982072492057196544,72.10047736845401,,0,0.0,90.1255967105675,Higher security,0,0,0,0,0,0.0,0.9012559671056751,90.1255967105675
188,DcIfw8%4Jx3,synthetic_random_like,11,94,5062982072492057196544,72.10047736845401,,0,20.0,72.10047736845401,Moderate security,0,0,0,0,0,0.0,0.9012559671056751,90.1255967105675
189,!l8S0QPnuQ0,synthetic_random_like,11,94,5062982072492057196544,72.10047736845401,,0,20.0,72.10047736845401,Moderate security,0,0,0,0,0,0.0,0.9012559671056751,90.1255967105675
190,@KZe6lOGPoZ,synthetic_random_like,11,94,5062982072492057196544,72.10047736845401,,0,0.0,90.1255967105675,Higher security,0,0,0,0,0,0.0,0.9012559671056751,90.1255967105675
191,$a*70gy%U@4,synthetic_random_like,11,94,5062982072492057196544,72.10047736845401,,0,20.0,72.10047736845401,Moderate security,0,0,0,0,0,0.0,0.9012559671056751,90.1255967105675
192,gAIqK4!pdEu,synthetic_random_like,11,94,5062982072492057196544,72.10047736845401,,0,0.0,90.1255967105675,Higher security,0,0,0,0,0,0.0,0.9012559671056751,90.1255967105675
193,Nb0lCo7pt@L,synthetic_random_like,11,94,5062982072492057196544,72.10047736845401,,0,0.0,90.1255967105675,Higher security,0,0,0,0,0,0.0,0.9012559671056751,90.1255967105675
194,$I198F6sXy$,synthetic_random_like,11,94,5062982072492057196544,72.10047736845401,,0,10.0,81.11303703951076,Higher security,0,0,0,0,0,0.0,0.9012559671056751,90.1255967105675
195,riJ1R#IaKM!,synthetic_random_like,11,94,5062982072492057196544,72.10047736845401,,0,10.0,81.11303703951076,Higher security,0,0,0,0,0,0.0,0.9012559671056751,90.1255967105675
196,t5&9SQ*W6Py,synthetic_random_like,11,94,5062982072492057196544,72.10047736845401,,0,0.0,90.1255967105675,Higher security,0,0,0,0,0,0.0,0.9012559671056751,90.1255967105675
197,EXD0fO8WXt@,synthetic_random_like,11,94,5062982072492057196544,72.10047736845401,,0,10.0,81.11303703951076,Higher security,0,0,0,0,0,0.0,0.9012559671056751,90.1255967105675
198,eq#Qm4m^6bs,synthetic_random_like,11,94,5062982072492057196544,72.10047736845401,,0,0.0,90.1255967105675,Higher security,0,0,0,0,0,0.0,0.9012559671056751,90.1255967105675
199,0tj8HRYkQ&W,synthetic_random_like,11,94,5062982072492057196544,72.10047736845401,,0,0.0,90.1255967105675,Higher security,0,0,0,0,0,0.0,0.9012559671056751,90.1255967105675
200,O!*eiEKDl3m,synthetic_random_like,11,94,5062982072492057196544,72.10047736845401,,0,0.0,90.1255967105675,Higher security,0,0,0,0,0,0.0,0.9012559671056751,90.1255967105675
201,m4vMdfPhLTV,synthetic_random_like,11,62,52036560683837093888,65.49615941425563,,0,0.0,81.87019926781953,Higher security,0,0,0,0,0,0.0,0.8187019926781953,81.87019926781953
202,3sF^0xvwkWE,synthetic_random_like,11,94,5062982072492057196544,72.10047736845401,,0,0.0,90.1255967105675,Higher security,0,0,0,0,0,0.0,0.9012559671056751,90.1255967105675
203,@sD7G6Gb7K*,synthetic_random_like,11,94,5062982072492057196544,72.10047736845401,,0,10.0,81.11303703951076,Higher security,0,0,0,0,0,0.0,0.9012559671056751,90.1255967105675
204,uj4SM2G6MzX,synthetic_random_like,11,62,52036560683837093888,65.49615941425563,,0,0.0,81.87019926781953,Higher security,0,0,0,0,0,0.0,0.8187019926781953,81.87019926781953
205,9nEWTLLcYJb,synthetic_random_like,11,62,52036560683837093888,65.49615941425563,,0,0.0,81.87019926781953,Higher security,0,0,0,0,0,0.0,0.8187019926781953,81.87019926781953
206,g@KDTCyGrmfN,synthetic_random_like,12,84,123410307017276135571456,76.70780907334513,,0,0.0,95.8847613416814,Higher security,0,0,0,0,0,0.0,0.9588476134168141,95.88476134168141
207,4eUqlLP1wzq*,synthetic_random_like,12,94,475920314814253376475136,78.65506622013166,,0,10.0,88.48694949764813,Higher security,0,0,0,0,0,0.0,0.9831883277516458,98.31883277516458
208,U^#IvG9LRo7j,synthetic_random_like,12,94,475920314814253376475136,78.65506622013166,,0,0.0,98.31883277516458,Higher security,0,0,0,0,0,0.0,0.9831883277516458,98.31883277516458
209,sCYUlYbH&p6V,synthetic_random_like,12,94,475920314814253376475136,78.65506622013166,,0,0.0,98.31883277516458,Higher security,0,0,0,0,0,0.0,0.9831883277516458,98.31883277516458
210,HWVnD8dPCi7M,synthetic_random_like,12,62,3226266762397899821056,71.45035572464249,,0,0.0,89.31294465580312,Higher security,0,0,0,0,0,0.0,0.8931294465580312,89.31294465580312
211,0orfeM@omE&r,synthetic_random_like,12,94,475920314814253376475136,78.65506622013166,,0,0.0,98.31883277516458,Higher security,0,0,0,0,0,0.0,0.9831883277516458,98.31883277516458
212,X6V*1t1m!0Je,synthetic_random_like,12,94,475920314814253376475136,78.65506622013166,,0,0.0,98.31883277516458,Higher security,0,0,0,0,0,0.0,0.9831883277516458,98.31883277516458
213,VB44EUmV*ThY,synthetic_random_like,12,94,475920314814253376475136,78.65506622013166,,0,0.0,98.31883277516458,Higher security,0,0,0,0,0,0.0,0.9831883277516458,98.31883277516458
214,Jyp6lBcgQFqA,synthetic_random_like,12,62,3226266762397899821056,71.45035572464249,,0,0.0,89.31294465580312,Higher security,0,0,0,0,0,0.0,0.8931294465580312,89.31294465580312
215,iABDQsaJsq*G,synthetic_random_like,12,84,123410307017276135571456,76.70780907334513,,0,0.0,95.8847613416814,Higher security,0,0,0,0,0,0.0,0.9588476134168141,95.88476134168141
216,wodqbTEPcwHg,synthetic_random_like,12,52,390877006486250192896,68.4052766176931,,0,0.0,85.50659577211638,Higher security,0,0,0,0,0,0.0,0.8550659577211638,85.50659577211638
217,q1^oi85U$n5#,synthetic_random_like,12,94,475920314814253376475136,78.65506622013166,,0,10.0,88.48694949764813,Higher security,0,0,0,0,0,0.0,0.9831883277516458,98.31883277516458
218,Cf%M6dh9Z2n!,synthetic_random_like,12,94,475920314814253376475136,78.65506622013166,,0,10.0,88.48694949764813,Higher security,0,0,0,0,0,0.0,0.9831883277516458,98.31883277516458
219,4jkPsiqJPW^L,synthetic_random_like,12,94,475920314814253376475136,78.65506622013166,,0,0.0,98.31883277516458,Higher security,0,0,0,0,0,0.0,0.9831883277516458,98.31883277516458
220,6#3moB35D0R6,synthetic_random_like,12,94,475920314814253376475136,78.65506622013166,,0,20.0,78.65506622013167,Higher security,0,0,0,0,0,0.0,0.9831883277516458,98.31883277516458
221,Z1mO2OGVt8il,synthetic_random_like,12,62,3226266762397899821056,71.45035572464249,,0,0.0,89.31294465580312,Higher security,0,0,0,0,0,0.0,0.8931294465580312,89.31294465580312
222,kl3mVqhQp0T2,synthetic_random_like,12,62,3226266762397899821056,71.45035572464249,,0,20.0,71.4503557246425,Moderate security,0,0,0,0,0,0.0,0.8931294465580312,89.31294465580312
223,gKNTn#Bt9CnS,synthetic_random_like,12,94,475920314814253376475136,78.65506622013166,,0,0.0,98.31883277516458,Higher security,0,0,0,0,0,0.0,0.9831883277516458,98.31883277516458
224,VoJC2dIdxINR,synthetic_random_like,12,62,3226266762397899821056,71.45035572464249,,0,0.0,89.31294465580312,Higher security,0,0,0,0,0,0.0,0.8931294465580312,89.31294465580312
225,SaxsZisdl^BW,synthetic_random_like,12,84,123410307017276135571456,76.70780907334513,,0,0.0,95.8847613416814,Higher security,0,0,0,0,0,0.0,0.9588476134168141,95.88476134168141
226,16RuVNPkgtug,synthetic_random_like,12,62,3226266762397899821056,71.45035572464249,,0,0.0,89.31294465580312,Higher security,0,0,0,0,0,0.0,0.8931294465580312,89.31294465580312
227,kI42!41IB$oS,synthetic_random_like,12,94,475920314814253376475136,78.65506622013166,,0,0.0,98.31883277516458,Higher security,0,0,0,0,0,0.0,0.9831883277516458,98.31883277516458
228,3oK!^NfCYhaA,synthetic_random_like,12,94,475920314814253376475136,78.65506622013166,,0,0.0,98.31883277516458,Higher security,0,0,0,0,0,0.0,0.9831883277516458,98.31883277516458
229,MBrGLPpa@3wq,synthetic_random_like,12,94,475920314814253376475136,78.65506622013166,,0,0.0,98.31883277516458,Higher security,0,0,0,0,0,0.0,0.9831883277516458,98.31883277516458
230,W&D#TjYf3c6j,synthetic_random_like,12,94,475920314814253376475136,78.65506622013166,,0,0.0,98.31883277516458,Higher security,0,0,0,0,0,0.0,0.9831883277516458,98.31883277516458
231,O2Z1LoZcPv6Ul,synthetic_random_like,13,62,200028539268669788905472,77.40455203502937,,0,0.0,96.75569004378671,Higher security,0,0,0,0,0,0.0,0.9675569004378671,96.75569004378671
232,3nF3Z^kYNRCQv,synthetic_random_like,13,94,44736509592539817388662784,85.2096550718093,,0,0.0,100.0,Higher security,0,0,0,0,0,0.0,1.0,100.0
233,j$o^$ySSsEnsG,synthetic_random_like,13,84,10366465789451195388002304,83.10012649612389,,0,0.0,100.0,Higher security,0,0,0,0,0,0.0,1.0,100.0
234,zwtjw@75POt4i,synthetic_random_like,13,94,44736509592539817388662784,85.2096550718093,,0,0.0,100.0,Higher security,0,0,0,0,0,0.0,1.0,100.0
235,84MJhT#jN75eh,synthetic_random_like,13,94,44736509592539817388662784,85.2096550718093,,0,0.0,100.0,Higher security,0,0,0,0,0,0.0,1.0,100.0
236,VKjl#X7f5yP8#,synthetic_random_like,13,94,44736509592539817388662784,85.2096550718093,,0,10.0,90.0,Higher security,0,0,0,0,0,0.0,1.0,100.0
237,th5nRk#wfF44^,synthetic_random_like,13,94,44736509592539817388662784,85.2096550718093,,0,10.0,90.0,Higher security,0,0,0,0,0,0.0,1.0,100.0
238,%uUVKX0RgQiQm,synthetic_random_like,13,94,44736509592539817388662784,85.2096550718093,,0,0.0,100.0,Higher security,0,0,0,0,0,0.0,1.0,100.0
239,XKGtQksSNYqkN,synthetic_random_like,13,52,20325604337285010030592,74.10571633583419,,0,0.0,92.63214541979274,Higher security,0,0,0,0,0,0.0,0.9263214541979273,92.63214541979274
240,WQq^l2$UcUNxB,synthetic_random_like,13,94,44736509592539817388662784,85.2096550718093,,0,0.0,100.0,Higher security,0,0,0,0,0,0.0,1.0,100.0
241,R!yCrtjLm#*^e,synthetic_random_like,13,84,10366465789451195388002304,83.10012649612389,,0,0.0,100.0,Higher security,0,0,0,0,0,0.0,1.0,100.0
242,RqWtuxv4f0UE4,synthetic_random_like,13,62,200028539268669788905472,77.40455203502937,,0,20.0,77.40455203502938,Higher security,0,0,0,0,0,0.0,0.9675569004378671,96.75569004378671
243,K5D&EN8yV47KW,synthetic_random_like,13,94,44736509592539817388662784,85.2096550718093,,0,0.0,100.0,Higher security,0,0,0,0,0,0.0,1.0,100.0
244,#^1uzrGg9Vn%p,synthetic_random_like,13,94,44736509592539817388662784,85.2096550718093,,0,0.0,100.0,Higher security,0,0,0,0,0,0.0,1.0,100.0
245,KkuI5$s3lC5Sd,synthetic_random_like,13,94,44736509592539817388662784,85.2096550718093,,0,0.0,100.0,Higher security,0,0,0,0,0,0.0,1.0,100.0
246,1gY#VEXkVCdOm,synthetic_random_like,13,94,44736509592539817388662784,85.2096550718093,,0,0.0,100.0,Higher security,0,0,0,0,0,0.0,1.0,100.0
247,QsreK8r85akcG,synthetic_random_like,13,62,200028539268669788905472,77.40455203502937,,0,0.0,96.75569004378671,Higher security,0,0,0,0,0,0.0,0.9675569004378671,96.75569004378671
248,Bt^2oKEMpgE16,synthetic_random_like,13,94,44736509592539817388662784,85.2096550718093,,0,20.0,80.0,Higher security,0,0,0,0,0,0.0,1.0,100.0
249,io@&c$EsL2aTE,synthetic_random_like,13,94,44736509592539817388662784,85.2096550718093,,0,0.0,100.0,Higher security,0,0,0,0,0,0.0,1.0,100.0
250,1xk^Ui^*##cX8,synthetic_random_like,13,94,44736509592539817388662784,85.2096550718093,,0,20.0,80.0,Higher security,0,0,0,0,0,0.0,1.0,100.0
251,fXVGcTiSEnQrf,synthetic_random_like,13,52,20325604337285010030592,74.10571633583419,,0,0.0,92.63214541979274,Higher security,0,0,0,0,0,0.0,0.9263214541979273,92.63214541979274
252,T*Rw79xri6eLz,synthetic_random_like,13,94,44736509592539817388662784,85.2096550718093,,0,0.0,100.0,Higher security,0,0,0,0,0,0.0,1.0,100.0
253,fzfON$Y*8GeyK,synthetic_random_like,13,94,44736509592539817388662784,85.2096550718093,,0,0.0,100.0,Higher security,0,0,0,0,0,0.0,1.0,100.0
254,TgQIpV3Z4XRx@,synthetic_random_like,13,94,44736509592539817388662784,85.2096550718093,,0,10.0,90.0,Higher security,0,0,0,0,0,0.0,1.0,100.0
255,@V%Ik2k3x*LPn,synthetic_random_like,13,94,44736509592539817388662784,85.2096550718093,,0,0.0,100.0,Higher security,0,0,0,0,0,0.0,1.0,100.0
256,kPLN52v4S5fT3J,synthetic_random_like,14,62,12401769434657526912139264,83.35874834541625,,0,0.0,100.0,Higher security,0,0,0,0,0,0.0,1.0,100.0
257,hjZU$uds4eqiEU,synthetic_random_like,14,94,4205231901698742834534301696,91.76424392348692,,0,0.0,100.0,Higher security,0,0,0,0,0,0.0,1.0,100.0
258,UXet5VV4jr^UYO,synthetic_random_like,14,94,4205231901698742834534301696,91.76424392348692,,0,0.0,100.0,Higher security,0,0,0,0,0,0.0,1.0,100.0
259,JFodx@%XpHH5BK,synthetic_random_like,14,94,4205231901698742834534301696,91.76424392348692,,0,0.0,100.0,Higher security,0,0,0,0,0,0.0,1.0,100.0
260,!zprj5w4lOSi*L,synthetic_random_like,14,94,4205231901698742834534301696,91.76424392348692,,0,0.0,100.0,Higher security,0,0,0,0,0,0.0,1.0,100.0
261,MuwU$CpzrE@dUV,synthetic_random_like,14,84,870783126313900412592193536,89.49244391890265,,0,0.0,100.0,Higher security,0,0,0,0,0,0.0,1.0,100.0
262,7qliNY9^00jqOj,synthetic_random_like,14,94,4205231901698742834534301696,91.76424392348692,,0,0.0,100.0,Higher security,0,0,0,0,0,0.0,1.0,100.0
263,57%Sqxq3#hp%tM,synthetic_random_like,14,94,4205231901698742834534301696,91.76424392348692,,0,0.0,100.0,Higher security,0,0,0,0,0,0.0,1.0,100.0
264,vuPCS%KkGzJqM&,synthetic_random_like,14,84,870783126313900412592193536,89.49244391890265,,0,10.0,90.0,Higher security,0,0,0,0,0,0.0,1.0,100.0
265,l#vtvRfdkfHA1d,synthetic_random_like,14,94,4205231901698742834534301696,91.76424392348692,,0,0.0,100.0,Higher security,0,0,0,0,0,0.0,1.0,100.0
266,@*LM9FZM6jhu41,synthetic_random_like,14,94,4205231901698742834534301696,91.76424392348692,,0,20.0,80.0,Higher security,0,0,0,0,0,0.0,1.0,100.0
267,97ARsOOSZqV$nO,synthetic_random_like,14,94,4205231901698742834534301696,91.76424392348692,,0,0.0,100.0,Higher security,0,0,0,0,0,0.0,1.0,100.0
268,E7pI5FsmgLX1Fu,synthetic_random_like,14,62,12401769434657526912139264,83.35874834541625,,0,0.0,100.0,Higher security,0,0,0,0,0,0.0,1.0,100.0
269,POyu@$7@N@clY#,synthetic_random_like,14,94,4205231901698742834534301696,91.76424392348692,,0,10.0,90.0,Higher security,0,0,0,0,0,0.0,1.0,100.0
270,6EBTggK@8K&bn3,synthetic_random_like,14,94,4205231901698742834534301696,91.76424392348692,,0,20.0,80.0,Higher security,0,0,0,0,0,0.0,1.0,100.0
271,rHUZUfZgyUKjX#,synthetic_random_like,14,84,870783126313900412592193536,89.49244391890265,,0,10.0,90.0,Higher security,0,0,0,0,0,0.0,1.0,100.0
272,5JpqmYVRUsz$Z#,synthetic_random_like,14,94,4205231901698742834534301696,91.76424392348692,,0,10.0,90.0,Higher security,0,0,0,0,0,0.0,1.0,100.0
273,fferQ8%6t$rPOu,synthetic_random_like,14,94,4205231901698742834534301696,91.76424392348692,,0,0.0,100.0,Higher security,0,0,0,0,0,0.0,1.0,100.0
274,YMR#$&!M8cVQo1,synthetic_random_like,14,94,4205231901698742834534301696,91.76424392348692,,0,20.0,80.0,Higher security,0,0,0,0,0,0.0,1.0,100.0
275,Nd8HDg9v^WsFeo,synthetic_random_like,14,94,4205231901698742834534301696,91.76424392348692,,0,0.0,100.0,Higher security,0,0,0,0,0,0.0,1.0,100.0
276,yc4O1t0A0#8hr%,synthetic_random_like,14,94,4205231901698742834534301696,91.76424392348692,,0,10.0,90.0,Higher security,0,0,0,0,0,0.0,1.0,100.0
277,AP9^WOw6&R*TH9,synthetic_random_like,14,94,4205231901698742834534301696,91.76424392348692,,0,20.0,80.0,Higher security,0,0,0,0,0,0.0,1.0,100.0
278,yFJMCMKA!O9SJK,synthetic_random_like,14,94,4205231901698742834534301696,91.76424392348692,,0,0.0,100.0,Higher security,0,0,0,0,0,0.0,1.0,100.0
279,p*WYSsLfKkS4G9,synthetic_random_like,14,94,4205231901698742834534301696,91.76424392348692,,0,20.0,80.0,Higher security,0,0,0,0,0,0.0,1.0,100.0
280,Bz&IIrnEFg^CDg,synthetic_random_like,14,84,870783126313900412592193536,89.49244391890265,,0,0.0,100.0,Higher security,0,0,0,0,0,0.0,1.0,100.0
281,m0Q8mrau089zKPK,synthetic_random_like,15,62,768909704948766668552634368,89.31294465580312,,0,0.0,100.0,Higher security,0,0,0,0,0,0.0,1.0,100.0
282,hlD&ew1weY@xLeb,synthetic_random_like,15,94,395291798759681826446224359424,98.31883277516457,,0,0.0,100.0,Higher security,0,0,0,0,0,0.0,1.0,100.0
283,MnQK6*^@r#7IyoQ,synthetic_random_like,15,94,395291798759681826446224359424,98.31883277516457,,0,0.0,100.0,Higher security,0,0,0,0,0,0.0,1.0,100.0
284,u6GxbRLywZ2$PlZ,synthetic_random_like,15,94,395291798759681826446224359424,98.31883277516457,,0,0.0,100.0,Higher security,0,0,0,0,0,0.0,1.0,100.0
285,mxr9PFaHXE5IQMb,synthetic_random_like,15,62,768909704948766668552634368,89.31294465580312,,0,0.0,100.0,Higher security,0,0,0,0,0,0.0,1.0,100.0
286,HUEhp7NuZ#NpLVC,synthetic_random_like,15,94,395291798759681826446224359424,98.31883277516457,,0,0.0,100.0,Higher security,0,0,0,0,0,0.0,1.0,100.0
287,Cr9t6V18&BFk^5^,synthetic_random_like,15,94,395291798759681826446224359424,98.31883277516457,,0,10.0,90.0,Higher security,0,0,0,0,0,0.0,1.0,100.0
288,Ujoh#z&tvP%4oA!,synthetic_random_like,15,94,395291798759681826446224359424,98.31883277516457,,0,10.0,90.0,Higher security,0,0,0,0,0,0.0,1.0,100.0
289,l$5h6q$16h7NcYG,synthetic_random_like,15,94,395291798759681826446224359424,98.31883277516457,,0,0.0,100.0,Higher security,0,0,0,0,0,0.0,1.0,100.0
290,aBjf2Si*hi8eK0x,synthetic_random_like,15,94,395291798759681826446224359424,98.31883277516457,,0,0.0,100.0,Higher security,0,0,0,0,0,0.0,1.0,100.0
291,r1VW5WWk*rSpw&Y,synthetic_random_like,15,94,395291798759681826446224359424,98.31883277516457,,0,0.0,100.0,Higher security,0,0,0,0,0,0.0,1.0,100.0
292,^qCacM7*2&WDF6S,synthetic_random_like,15,94,395291798759681826446224359424,98.31883277516457,,0,0.0,100.0,Higher security,0,0,0,0,0,0.0,1.0,100.0
293,tJyoe1cEAime5gF,synthetic_random_like,15,62,768909704948766668552634368,89.31294465580312,,0,0.0,100.0,Higher security,0,0,0,0,0,0.0,1.0,100.0
294,fZ4D*Bhr#LDOPEM,synthetic_random_like,15,94,395291798759681826446224359424,98.31883277516457,,0,0.0,100.0,Higher security,0,0,0,0,0,0.0,1.0,100.0
295,s%C0MJhw2@gSW^O,synthetic_random_like,15,94,395291798759681826446224359424,98.31883277516457,,0,0.0,100.0,Higher security,0,0,0,0,0,0.0,1.0,100.0
296,10tMWx&8ECMs7h0,synthetic_random_like,15,94,395291798759681826446224359424,98.31883277516457,,0,20.0,80.0,Higher security,0,0,0,0,0,0.0,1.0,100.0
297,1^rXFGAQk5Vl&yg,synthetic_random_like,15,94,395291798759681826446224359424,98.31883277516457,,0,0.0,100.0,Higher security,0,0,0,0,0,0.0,1.0,100.0
298,IWfjyB9AQMbByp9,synthetic_random_like,15,62,768909704948766668552634368,89.31294465580312,,0,20.0,80.0,Higher security,0,0,0,0,0,0.0,1.0,100.0
299,FAYEPKW7&TNHU$@,synthetic_random_like,15,68,3073503348387795563479826432,91.31194261875508,,0,10.0,90.0,Higher security,0,0,0,0,0,0.0,1.0,100.0
300,7m8OAVO0fCscH1L,synthetic_random_like,15,62,768909704948766668552634368,89.31294465580312,,0,0.0,100.0,Higher security,0,0,0,0,0,0.0,1.0,100.0
301,tzQDWF@RG!!6vTv,synthetic_random_like,15,94,395291798759681826446224359424,98.31883277516457,,0,0.0,100.0,Higher security,0,0,0,0,0,0.0,1.0,100.0
302,r*!x*h^ejga0rDi,synthetic_random_like,15,94,395291798759681826446224359424,98.31883277516457,,0,0.0,100.0,Higher security,0,0,0,0,0,0.0,1.0,100.0
303,tbB#6Vh9!ca&0bc,synthetic_random_like,15,94,395291798759681826446224359424,98.31883277516457,,0,0.0,100.0,Higher security,0,0,0,0,0,0.0,1.0,100.0
304,^J&Kc#3wnm^tEy^,synthetic_random_like,15,94,395291798759681826446224359424,98.31883277516457,,0,10.0,90.0,Higher security,0,0,0,0,0,0.0,1.0,100.0
305,GTIYkVZ6FCMkelZ,synthetic_random_like,15,62,768909704948766668552634368,89.31294465580312,,0,0.0,100.0,Higher security,0,0,0,0,0,0.0,1.0,100.0
306,WW8hbvk@3Qm^fDB8,synthetic_random_like,16,94,37157429083410091685945089785856,104.8734216268422,,0,20.0,80.0,Higher security,0,0,0,0,0,0.0,1.0,100.0
307,IfjJ*ewOcAsYjMuE,synthetic_random_like,16,84,6144245739270881311250517590016,102.27707876446016,,0,0.0,100.0,Higher security,0,0,0,0,0,0.0,1.0,100.0
308,X*QXrk#Sgm3DjRYP,synthetic_random_like,16,94,37157429083410091685945089785856,104.8734216268422,,0,0.0,100.0,Higher security,0,0,0,0,0,0.0,1.0,100.0
309,dI5!DTW3xWkLFjkI,synthetic_random_like,16,94,37157429083410091685945089785856,104.8734216268422,,0,0.0,100.0,Higher security,0,0,0,0,0,0.0,1.0,100.0
310,tWtXOUnlaN4UInql,synthetic_random_like,16,62,47672401706823533450263330816,95.26714096619,,0,0.0,100.0,Higher security,0,0,0,0,0,0.0,1.0,100.0
311,x35$0ndlTlPXbL0X,synthetic_random_like,16,94,37157429083410091685945089785856,104.8734216268422,,0,0.0,100.0,Higher security,0,0,0,0,0,0.0,1.0,100.0
312,kF%vWvrIMI@siv3J,synthetic_random_like,16,94,37157429083410091685945089785856,104.8734216268422,,0,0.0,100.0,Higher security,0,0,0,0,0,0.0,1.0,100.0
313,1M9jUGF@z6nrMaYQ,synthetic_random_like,16,94,37157429083410091685945089785856,104.8734216268422,,0,0.0,100.0,Higher security,0,0,0,0,0,0.0,1.0,100.0
314,WQ4Q3rMPz9OwYOL!,synthetic_random_like,16,94,37157429083410091685945089785856,104.8734216268422,,0,10.0,90.0,Higher security,0,0,0,0,0,0.0,1.0,100.0
315,FPWJYUoz*xd7A4Li,synthetic_random_like,16,94,37157429083410091685945089785856,104.8734216268422,,0,0.0,100.0,Higher security,0,0,0,0,0,0.0,1.0,100.0
316,0@rMEGt2Wj59Z&#1,synthetic_random_like,16,94,37157429083410091685945089785856,104.8734216268422,,0,20.0,80.0,Higher security,0,0,0,0,0,0.0,1.0,100.0
317,*eU&knFTvfZQ3nbm,synthetic_random_like,16,94,37157429083410091685945089785856,104.8734216268422,,0,0.0,100.0,Higher security,0,0,0,0,0,0.0,1.0,100.0
318,HC$%C5VY7#tSd9nL,synthetic_random_like,16,94,37157429083410091685945089785856,104.8734216268422,,0,0.0,100.0,Higher security,0,0,0,0,0,0.0,1.0,100.0
319,1kosSNR6A%9S8m45,synthetic_random_like,16,94,37157429083410091685945089785856,104.8734216268422,,0,20.0,80.0,Higher security,0,0,0,0,0,0.0,1.0,100.0
320,OiMfocRnvF%wuQ27,synthetic_random_like,16,94,37157429083410091685945089785856,104.8734216268422,,0,20.0,80.0,Higher security,0,0,0,0,0,0.0,1.0,100.0
321,DZxx3Ydz52XaBAJi,synthetic_random_like,16,62,47672401706823533450263330816,95.26714096619,,0,0.0,100.0,Higher security,0,0,0,0,0,0.0,1.0,100.0
322,n&xUPz6oH!^OXYoS,synthetic_random_like,16,94,37157429083410091685945089785856,104.8734216268422,,0,0.0,100.0,Higher security,0,0,0,0,0,0.0,1.0,100.0
323,T6wMkrOpENoxVs$X,synthetic_random_like,16,94,37157429083410091685945089785856,104.8734216268422,,0,0.0,100.0,Higher security,0,0,0,0,0,0.0,1.0,100.0
324,1rX2x!&wv!KrxO5g,synthetic_random_like,16,94,37157429083410091685945089785856,104.8734216268422,,0,0.0,100.0,Higher security,0,0,0,0,0,0.0,1.0,100.0
325,Tb!ryX#@0!14!vkd,synthetic_random_like,16,94,37157429083410091685945089785856,104.8734216268422,,0,0.0,100.0,Higher security,0,0,0,0,0,0.0,1.0,100.0
326,CLeJC&Kv6@$ooI*U,synthetic_random_like,16,94,37157429083410091685945089785856,104.8734216268422,,0,0.0,100.0,Higher security,0,0,0,0,0,0.0,1.0,100.0
327,*f4*B2nFMe5HSl4p,synthetic_random_like,16,94,37157429083410091685945089785856,104.8734216268422,,0,0.0,100.0,Higher security,0,0,0,0,0,0.0,1.0,100.0
328,EAS2vrAAhS&J&vPL,synthetic_random_like,16,94,37157429083410091685945089785856,104.8734216268422,,0,0.0,100.0,Higher security,0,0,0,0,0,0.0,1.0,100.0
329,LI$mr0hJqqFsPFY!,synthetic_random_like,16,94,37157429083410091685945089785856,104.8734216268422,,0,10.0,90.0,Higher security,0,0,0,0,0,0.0,1.0,100.0
330,sI1W5jlZ$JV6!Pal,synthetic_random_like,16,94,37157429083410091685945089785856,104.8734216268422,,0,0.0,100.0,Higher security,0,0,0,0,0,0.0,1.0,100.0
