id,password,label,target,length,character_set_size,entropy_bits,conventional_score,entropy_vulnerability_score,mvs,empirical_mvs,psi,empirical_psi,calibrated_psi,psi_vulnerability_score,calibrated_psi_vulnerability_score,zxcvbn_score,zxcvbn_normalized,zxcvbn_vulnerability_score,zxcvbn_category,zxcvbn_crack_time,our_classification
1,password,dictionary_only,1,8,26,37.603517745128734,35.416666666666664,62.396482254871266,35.0,31.92771084337349,30.552858167917098,31.996969165659237,51.19515066505478,69.4471418320829,48.80484933494522,0,0.0,100.0,Very Weak (Too guessable),less than a second,Predictable Mutation (Vulnerable Family)
2,Password,capitalization,1,8,52,45.603517745128734,54.166666666666664,54.396482254871266,50.0,35.24659385204368,28.502198590705458,36.91228882907318,59.05966212651709,71.49780140929454,40.94033787348291,0,0.0,100.0,Very Weak (Too guessable),less than a second,Predictable Mutation (Vulnerable Family)
3,password2026,numeric_suffix,1,12,36,62.039100017307746,62.5,37.960899982692254,55.00000000000001,30.85289330644583,34.8969937597356,53.62280335086071,69.14710669355418,65.10300624026439,30.85289330644582,1,25.0,75.0,Weak (Very guessable),1 minute,Low Vulnerability (Synthetic Random-like Control)
4,Password1,capitalization+numeric_suffix,1,9,62,53.587766793481876,75.0,46.412233206518124,70.0,33.4538420705519,20.095412547555707,44.57574990156849,66.5461579294481,79.90458745244429,33.4538420705519,0,0.0,100.0,Very Weak (Too guessable),less than a second,Predictable Mutation (Vulnerable Family)
5,password!,symbol_suffix,1,9,58,52.721828956148144,56.25,47.278171043851856,44.99999999999999,31.270877904139926,36.246257407351855,45.29406274305196,68.72912209586008,63.753742592648145,31.270877904139923,1,25.0,75.0,Weak (Very guessable),1 second,Predictable Mutation (Vulnerable Family)
6,Password!,capitalization+symbol_suffix,1,9,84,57.530856805008845,75.0,42.469143194991155,60.0,34.20082197950681,28.765428402504423,47.31853860730348,65.79917802049319,71.23457159749557,34.20082197950681,1,25.0,75.0,Weak (Very guessable),1 second,Predictable Mutation (Vulnerable Family)
7,p@$$w0rd1,substitution+numeric_suffix,1,9,68,54.787165571253055,75.0,45.21283442874694,75.0,34.08962954622227,17.12098924101658,45.13802973642182,65.91037045377772,82.87901075898341,34.089629546222284,1,25.0,75.0,Weak (Very guessable),1 second,Predictable Mutation (Vulnerable Family)
8,welcome,dictionary_only,1,7,26,32.90307802698764,33.333333333333336,67.09692197301236,35.0,31.92771084337349,26.733750896927457,27.997348019951833,44.79575683192294,73.26624910307254,55.20424316807706,0,0.0,100.0,Very Weak (Too guessable),less than a second,Predictable Mutation (Vulnerable Family)
9,Welcome,capitalization,1,7,52,39.90307802698764,52.083333333333336,60.09692197301236,50.0,35.24659385204368,24.93942376686728,32.298252725439035,51.677204360702454,75.06057623313272,48.322795639297546,0,0.0,100.0,Very Weak (Too guessable),less than a second,Predictable Mutation (Vulnerable Family)
10,welcome2026,numeric_suffix,1,11,36,56.86917501586544,60.416666666666664,43.13082498413456,55.00000000000001,30.85289330644583,31.988910946424305,49.15423640495566,69.14710669355418,68.01108905357569,30.85289330644582,2,50.0,50.0,Fair (Somewhat guessable),3 minutes,Low Vulnerability (Synthetic Random-like Control)
11,Welcome123,capitalization+numeric_suffix,1,10,62,59.54196310386875,77.08333333333334,40.45803689613125,70.0,33.4538420705519,22.328236163950784,49.528611001742775,66.5461579294481,77.67176383604922,33.4538420705519,1,25.0,75.0,Weak (Very guessable),2 seconds,Predictable Mutation (Vulnerable Family)
12,welcome!,symbol_suffix,1,8,58,46.863847961020575,54.166666666666664,53.136152038979425,44.99999999999999,31.270877904139926,32.21889547320165,40.26138910493508,64.41822256789612,67.78110452679834,35.58177743210388,1,25.0,75.0,Weak (Very guessable),1 second,Predictable Mutation (Vulnerable Family)
13,Welcome!,capitalization+symbol_suffix,1,8,84,51.138539382230086,72.91666666666666,48.861460617769914,60.0,34.20082197950681,25.569269691115043,42.060923206491985,65.79917802049319,74.43073030888496,34.20082197950681,1,25.0,75.0,Weak (Very guessable),1 second,Predictable Mutation (Vulnerable Family)
14,w3lc0m31,substitution+numeric_suffix,1,8,36,41.3594000115385,54.166666666666664,58.6405999884615,75.0,34.08962954622227,12.924812503605782,34.07516720633102,54.52026753012962,87.07518749639422,45.47973246987038,1,25.0,75.0,Weak (Very guessable),2 seconds,Predictable Mutation (Vulnerable Family)
15,admin,dictionary_only,1,5,26,23.502198590705458,29.166666666666668,76.49780140929454,35.0,31.92771084337349,19.095536354948187,19.998105728537023,31.996969165659237,80.9044636450518,68.00303083434076,0,0.0,100.0,Very Weak (Too guessable),less than a second,Predictable Mutation (Vulnerable Family)
16,Admin,capitalization,1,5,52,28.502198590705458,47.91666666666667,71.49780140929454,50.0,35.24659385204368,17.813874119190913,23.07018051817074,36.91228882907318,82.18612588080909,63.08771117092682,1,25.0,75.0,Weak (Very guessable),less than a second,Predictable Mutation (Vulnerable Family)
17,admin12,numeric_suffix,1,7,36,36.18947501009619,52.083333333333336,63.81052498990381,55.00000000000001,30.85289330644583,20.356579693179107,31.279968621335424,50.04794979413667,79.6434203068209,49.95205020586333,1,25.0,75.0,Weak (Very guessable),3 seconds,Predictable Mutation (Vulnerable Family)
18,Admin12,capitalization+numeric_suffix,1,7,62,41.67937417270812,70.83333333333333,58.32062582729188,70.0,33.4538420705519,15.629765314765546,34.67002770121994,55.4720443219519,84.37023468523445,44.5279556780481,1,25.0,75.0,Weak (Very guessable),6 seconds,Predictable Mutation (Vulnerable Family)
19,admin!,symbol_suffix,1,6,58,35.14788597076543,50.0,64.85211402923457,44.99999999999999,31.270877904139926,24.164171604901235,30.196041828701308,48.31366692592209,75.83582839509876,51.68633307407791,1,25.0,75.0,Weak (Very guessable),3 seconds,Predictable Mutation (Vulnerable Family)
20,Admin!,capitalization+symbol_suffix,1,6,84,38.353904536672566,68.75,61.646095463327434,60.0,34.20082197950681,19.176952268336283,31.54569240486899,50.47310784779039,80.82304773166372,49.52689215220961,1,25.0,75.0,Weak (Very guessable),4 seconds,Predictable Mutation (Vulnerable Family)
21,@dmin2026,substitution+numeric_suffix,1,9,68,54.787165571253055,75.0,45.21283442874694,90.0,35.57313365611981,6.848395696406631,44.122067420239446,64.42686634388019,93.15160430359337,35.57313365611981,2,50.0,50.0,Fair (Somewhat guessable),35 minutes,Predictable Mutation (Vulnerable Family)
22,dragon,dictionary_only,1,6,26,28.202638308846552,31.25,71.79736169115344,35.0,31.92771084337349,22.91464362593782,23.997726874244428,38.39636299879109,77.08535637406217,61.60363700120891,0,0.0,100.0,Very Weak (Too guessable),less than a second,Predictable Mutation (Vulnerable Family)
23,Dragon,capitalization,1,6,52,34.20263830884655,50.0,65.79736169115344,50.0,35.24659385204368,21.376648943029096,27.68421662180489,44.29474659488782,78.6233510569709,55.70525340511218,0,0.0,100.0,Very Weak (Too guessable),less than a second,Predictable Mutation (Vulnerable Family)
24,dragon1,numeric_suffix,1,7,36,36.18947501009619,52.083333333333336,63.81052498990381,55.00000000000001,30.85289330644583,20.356579693179107,31.279968621335424,50.04794979413667,79.6434203068209,49.95205020586333,0,0.0,100.0,Very Weak (Too guessable),less than a second,Predictable Mutation (Vulnerable Family)
25,Dragon2026,capitalization+numeric_suffix,1,10,62,59.54196310386875,77.08333333333334,40.45803689613125,70.0,33.4538420705519,22.328236163950784,49.528611001742775,66.5461579294481,77.67176383604922,33.4538420705519,1,25.0,75.0,Weak (Very guessable),1 minute,Predictable Mutation (Vulnerable Family)
26,dragon!,symbol_suffix,1,7,58,41.005866965893006,52.083333333333336,58.994133034106994,44.99999999999999,31.270877904139926,28.191533539051445,35.228715466818194,56.365944746909115,71.80846646094855,43.634055253090885,1,25.0,75.0,Weak (Very guessable),1 second,Predictable Mutation (Vulnerable Family)
27,Dragon!,capitalization+symbol_suffix,1,7,84,44.746221959451326,70.83333333333333,55.253778040548674,60.0,34.20082197950681,22.373110979725663,36.80330780568049,58.88529248908878,77.62688902027433,41.11470751091122,1,25.0,75.0,Weak (Very guessable),1 second,Predictable Mutation (Vulnerable Family)
28,dr@g0n1,substitution+numeric_suffix,1,7,68,42.61223988875237,70.83333333333333,57.38776011124763,75.0,34.08962954622227,13.316324965235115,35.107356461661404,56.171770338658256,86.68367503476489,43.828229661341744,1,25.0,75.0,Weak (Very guessable),1 second,Predictable Mutation (Vulnerable Family)
29,football,dictionary_only,1,8,26,37.603517745128734,35.416666666666664,62.396482254871266,35.0,31.92771084337349,30.552858167917098,31.996969165659237,51.19515066505478,69.4471418320829,48.80484933494522,0,0.0,100.0,Very Weak (Too guessable),less than a second,Predictable Mutation (Vulnerable Family)
30,Football,capitalization,1,8,52,45.603517745128734,54.166666666666664,54.396482254871266,50.0,35.24659385204368,28.502198590705458,36.91228882907318,59.05966212651709,71.49780140929454,40.94033787348291,0,0.0,100.0,Very Weak (Too guessable),less than a second,Predictable Mutation (Vulnerable Family)
31,football2025,numeric_suffix,1,12,36,62.039100017307746,62.5,37.960899982692254,55.00000000000001,30.85289330644583,34.8969937597356,53.62280335086071,69.14710669355418,65.10300624026439,30.85289330644582,1,25.0,75.0,Weak (Very guessable),23 seconds,Low Vulnerability (Synthetic Random-like Control)
32,Football2024,capitalization+numeric_suffix,1,12,62,71.45035572464249,81.25,28.549644275357508,70.0,33.4538420705519,26.79388339674094,59.434333202091324,66.5461579294481,73.20611660325906,33.4538420705519,1,25.0,75.0,Weak (Very guessable),1 minute,Predictable Mutation (Vulnerable Family)
33,football!,symbol_suffix,1,9,58,52.721828956148144,56.25,47.278171043851856,44.99999999999999,31.270877904139926,36.246257407351855,45.29406274305196,68.72912209586008,63.753742592648145,31.270877904139923,1,25.0,75.0,Weak (Very guessable),1 second,Predictable Mutation (Vulnerable Family)
34,Football!,capitalization+symbol_suffix,1,9,84,57.530856805008845,75.0,42.469143194991155,60.0,34.20082197950681,28.765428402504423,47.31853860730348,65.79917802049319,71.23457159749557,34.20082197950681,1,25.0,75.0,Weak (Very guessable),1 second,Predictable Mutation (Vulnerable Family)
35,f00tb@ll1,substitution+numeric_suffix,1,9,68,54.787165571253055,75.0,45.21283442874694,75.0,34.08962954622227,17.12098924101658,45.13802973642182,65.91037045377772,82.87901075898341,34.089629546222284,1,25.0,75.0,Weak (Very guessable),1 second,Predictable Mutation (Vulnerable Family)
36,summer,dictionary_only,1,6,26,28.202638308846552,31.25,71.79736169115344,35.0,31.92771084337349,22.91464362593782,23.997726874244428,38.39636299879109,77.08535637406217,61.60363700120891,0,0.0,100.0,Very Weak (Too guessable),less than a second,Predictable Mutation (Vulnerable Family)
37,Summer,capitalization,1,6,52,34.20263830884655,50.0,65.79736169115344,50.0,35.24659385204368,21.376648943029096,27.68421662180489,44.29474659488782,78.6233510569709,55.70525340511218,0,0.0,100.0,Very Weak (Too guessable),less than a second,Predictable Mutation (Vulnerable Family)
38,summer1,numeric_suffix,1,7,36,36.18947501009619,52.083333333333336,63.81052498990381,55.00000000000001,30.85289330644583,20.356579693179107,31.279968621335424,50.04794979413667,79.6434203068209,49.95205020586333,1,25.0,75.0,Weak (Very guessable),less than a second,Predictable Mutation (Vulnerable Family)
39,Summer1,capitalization+numeric_suffix,1,7,62,41.67937417270812,70.83333333333333,58.32062582729188,70.0,33.4538420705519,15.629765314765546,34.67002770121994,55.4720443219519,84.37023468523445,44.5279556780481,1,25.0,75.0,Weak (Very guessable),less than a second,Predictable Mutation (Vulnerable Family)
40,summer!,symbol_suffix,1,7,58,41.005866965893006,52.083333333333336,58.994133034106994,44.99999999999999,31.270877904139926,28.191533539051445,35.228715466818194,56.365944746909115,71.80846646094855,43.634055253090885,1,25.0,75.0,Weak (Very guessable),1 second,Predictable Mutation (Vulnerable Family)
41,Summer!,capitalization+symbol_suffix,1,7,84,44.746221959451326,70.83333333333333,55.253778040548674,60.0,34.20082197950681,22.373110979725663,36.80330780568049,58.88529248908878,77.62688902027433,41.11470751091122,1,25.0,75.0,Weak (Very guessable),1 second,Predictable Mutation (Vulnerable Family)
42,$umm3r1,substitution+numeric_suffix,1,7,68,42.61223988875237,70.83333333333333,57.38776011124763,90.0,35.57313365611981,5.3265299860940445,34.31716354907511,54.907461678520185,94.67347001390596,45.092538321479815,1,25.0,75.0,Weak (Very guessable),2 seconds,Predictable Mutation (Vulnerable Family)
43,computer,dictionary_only,1,8,26,37.603517745128734,35.416666666666664,62.396482254871266,35.0,31.92771084337349,30.552858167917098,31.996969165659237,51.19515066505478,69.4471418320829,48.80484933494522,0,0.0,100.0,Very Weak (Too guessable),less than a second,Predictable Mutation (Vulnerable Family)
44,Computer,capitalization,1,8,52,45.603517745128734,54.166666666666664,54.396482254871266,50.0,35.24659385204368,28.502198590705458,36.91228882907318,59.05966212651709,71.49780140929454,40.94033787348291,0,0.0,100.0,Very Weak (Too guessable),less than a second,Predictable Mutation (Vulnerable Family)
45,computer12,numeric_suffix,1,10,36,51.69925001442312,58.333333333333336,48.30074998557687,55.00000000000001,30.85289330644583,29.080828133113005,44.6856694590506,69.14710669355418,70.919171866887,30.85289330644582,1,25.0,75.0,Weak (Very guessable),2 seconds,Low Vulnerability (Synthetic Random-like Control)
46,Computer2026,capitalization+numeric_suffix,1,12,62,71.45035572464249,81.25,28.549644275357508,70.0,33.4538420705519,26.79388339674094,59.434333202091324,66.5461579294481,73.20611660325906,33.4538420705519,2,50.0,50.0,Fair (Somewhat guessable),2 minutes,Predictable Mutation (Vulnerable Family)
47,computer!,symbol_suffix,1,9,58,52.721828956148144,56.25,47.278171043851856,44.99999999999999,31.270877904139926,36.246257407351855,45.29406274305196,68.72912209586008,63.753742592648145,31.270877904139923,1,25.0,75.0,Weak (Very guessable),1 second,Predictable Mutation (Vulnerable Family)
48,Computer!,capitalization+symbol_suffix,1,9,84,57.530856805008845,75.0,42.469143194991155,60.0,34.20082197950681,28.765428402504423,47.31853860730348,65.79917802049319,71.23457159749557,34.20082197950681,1,25.0,75.0,Weak (Very guessable),1 second,Predictable Mutation (Vulnerable Family)
49,c0mput3r2026,substitution+numeric_suffix,1,12,36,62.039100017307746,62.5,37.960899982692254,75.0,34.08962954622227,19.387218755408668,51.11275080949651,65.91037045377772,80.61278124459133,34.089629546222284,2,50.0,50.0,Fair (Somewhat guessable),5 minutes,Predictable Mutation (Vulnerable Family)
50,security,dictionary_only,1,8,26,37.603517745128734,35.416666666666664,62.396482254871266,35.0,31.92771084337349,30.552858167917098,31.996969165659237,51.19515066505478,69.4471418320829,48.80484933494522,0,0.0,100.0,Very Weak (Too guessable),less than a second,Predictable Mutation (Vulnerable Family)
51,Security,capitalization,1,8,52,45.603517745128734,54.166666666666664,54.396482254871266,50.0,35.24659385204368,28.502198590705458,36.91228882907318,59.05966212651709,71.49780140929454,40.94033787348291,0,0.0,100.0,Very Weak (Too guessable),less than a second,Predictable Mutation (Vulnerable Family)
52,security1,numeric_suffix,1,9,36,46.529325012980806,56.25,53.470674987019194,55.00000000000001,30.85289330644583,26.1727453198017,40.217102513145534,64.34736402103286,73.82725468019831,35.65263597896714,1,25.0,75.0,Weak (Very guessable),2 seconds,Predictable Mutation (Vulnerable Family)
53,Security2026,capitalization+numeric_suffix,1,12,62,71.45035572464249,81.25,28.549644275357508,70.0,33.4538420705519,26.79388339674094,59.434333202091324,66.5461579294481,73.20611660325906,33.4538420705519,2,50.0,50.0,Fair (Somewhat guessable),23 minutes,Predictable Mutation (Vulnerable Family)
54,security!,symbol_suffix,1,9,58,52.721828956148144,56.25,47.278171043851856,44.99999999999999,31.270877904139926,36.246257407351855,45.29406274305196,68.72912209586008,63.753742592648145,31.270877904139923,1,25.0,75.0,Weak (Very guessable),2 seconds,Predictable Mutation (Vulnerable Family)
55,Security!,capitalization+symbol_suffix,1,9,84,57.530856805008845,75.0,42.469143194991155,60.0,34.20082197950681,28.765428402504423,47.31853860730348,65.79917802049319,71.23457159749557,34.20082197950681,1,25.0,75.0,Weak (Very guessable),3 seconds,Predictable Mutation (Vulnerable Family)
56,$3curity1,substitution+numeric_suffix,1,9,68,54.787165571253055,75.0,45.21283442874694,90.0,35.57313365611981,6.848395696406631,44.122067420239446,64.42686634388019,93.15160430359337,35.57313365611981,1,25.0,75.0,Weak (Very guessable),5 seconds,Predictable Mutation (Vulnerable Family)
57,student,dictionary_only,1,7,26,32.90307802698764,33.333333333333336,67.09692197301236,35.0,31.92771084337349,26.733750896927457,27.997348019951833,44.79575683192294,73.26624910307254,55.20424316807706,0,0.0,100.0,Very Weak (Too guessable),less than a second,Predictable Mutation (Vulnerable Family)
58,Student,capitalization,1,7,52,39.90307802698764,52.083333333333336,60.09692197301236,50.0,35.24659385204368,24.93942376686728,32.298252725439035,51.677204360702454,75.06057623313272,48.322795639297546,1,25.0,75.0,Weak (Very guessable),less than a second,Predictable Mutation (Vulnerable Family)
59,student2026,numeric_suffix,1,11,36,56.86917501586544,60.416666666666664,43.13082498413456,55.00000000000001,30.85289330644583,31.988910946424305,49.15423640495566,69.14710669355418,68.01108905357569,30.85289330644582,2,50.0,50.0,Fair (Somewhat guessable),13 minutes,Low Vulnerability (Synthetic Random-like Control)
60,Student2026,capitalization+numeric_suffix,1,11,62,65.49615941425563,79.16666666666666,34.50384058574437,70.0,33.4538420705519,24.56105978034586,54.48147210191705,66.5461579294481,75.43894021965414,33.4538420705519,2,50.0,50.0,Fair (Somewhat guessable),26 minutes,Predictable Mutation (Vulnerable Family)
61,student!,symbol_suffix,1,8,58,46.863847961020575,54.166666666666664,53.136152038979425,44.99999999999999,31.270877904139926,32.21889547320165,40.26138910493508,64.41822256789612,67.78110452679834,35.58177743210388,1,25.0,75.0,Weak (Very guessable),2 seconds,Predictable Mutation (Vulnerable Family)
62,Student!,capitalization+symbol_suffix,1,8,84,51.138539382230086,72.91666666666666,48.861460617769914,60.0,34.20082197950681,25.569269691115043,42.060923206491985,65.79917802049319,74.43073030888496,34.20082197950681,1,25.0,75.0,Weak (Very guessable),3 seconds,Predictable Mutation (Vulnerable Family)
63,$tud3nt123,substitution+numeric_suffix,1,10,68,60.87462841250339,77.08333333333334,39.1253715874966,90.0,35.57313365611981,7.609328551562921,49.024519355821596,64.42686634388019,92.39067144843708,35.57313365611981,1,25.0,75.0,Weak (Very guessable),23 seconds,Predictable Mutation (Vulnerable Family)
64,college,dictionary_only,1,7,26,32.90307802698764,33.333333333333336,67.09692197301236,35.0,31.92771084337349,26.733750896927457,27.997348019951833,44.79575683192294,73.26624910307254,55.20424316807706,0,0.0,100.0,Very Weak (Too guessable),less than a second,Predictable Mutation (Vulnerable Family)
65,College,capitalization,1,7,52,39.90307802698764,52.083333333333336,60.09692197301236,50.0,35.24659385204368,24.93942376686728,32.298252725439035,51.677204360702454,75.06057623313272,48.322795639297546,0,0.0,100.0,Very Weak (Too guessable),less than a second,Predictable Mutation (Vulnerable Family)
66,college12,numeric_suffix,1,9,36,46.529325012980806,56.25,53.470674987019194,55.00000000000001,30.85289330644583,26.1727453198017,40.217102513145534,64.34736402103286,73.82725468019831,35.65263597896714,1,25.0,75.0,Weak (Very guessable),2 seconds,Predictable Mutation (Vulnerable Family)
67,College2024,capitalization+numeric_suffix,1,11,62,65.49615941425563,79.16666666666666,34.50384058574437,70.0,33.4538420705519,24.56105978034586,54.48147210191705,66.5461579294481,75.43894021965414,33.4538420705519,2,50.0,50.0,Fair (Somewhat guessable),7 minutes,Predictable Mutation (Vulnerable Family)
68,college!,symbol_suffix,1,8,58,46.863847961020575,54.166666666666664,53.136152038979425,44.99999999999999,31.270877904139926,32.21889547320165,40.26138910493508,64.41822256789612,67.78110452679834,35.58177743210388,1,25.0,75.0,Weak (Very guessable),1 second,Predictable Mutation (Vulnerable Family)
69,College!,capitalization+symbol_suffix,1,8,84,51.138539382230086,72.91666666666666,48.861460617769914,60.0,34.20082197950681,25.569269691115043,42.060923206491985,65.79917802049319,74.43073030888496,34.20082197950681,1,25.0,75.0,Weak (Very guessable),2 seconds,Predictable Mutation (Vulnerable Family)
70,c0ll3g32026,substitution+numeric_suffix,1,11,36,56.86917501586544,60.416666666666664,43.13082498413456,75.0,34.08962954622227,17.77161719245795,46.85335490870514,65.91037045377772,82.22838280754205,34.089629546222284,2,50.0,50.0,Fair (Somewhat guessable),18 minutes,Predictable Mutation (Vulnerable Family)
71,hello,dictionary_only,1,5,26,23.502198590705458,29.166666666666668,76.49780140929454,35.0,31.92771084337349,19.095536354948187,19.998105728537023,31.996969165659237,80.9044636450518,68.00303083434076,0,0.0,100.0,Very Weak (Too guessable),less than a second,Predictable Mutation (Vulnerable Family)
72,Hello,capitalization,1,5,52,28.502198590705458,47.91666666666667,71.49780140929454,50.0,35.24659385204368,17.813874119190913,23.07018051817074,36.91228882907318,82.18612588080909,63.08771117092682,0,0.0,100.0,Very Weak (Too guessable),less than a second,Predictable Mutation (Vulnerable Family)
73,hello123,numeric_suffix,1,8,36,41.3594000115385,54.166666666666664,58.6405999884615,55.00000000000001,30.85289330644583,23.264662506490406,35.74853556724048,57.197656907584765,76.73533749350959,42.802343092415235,0,0.0,100.0,Very Weak (Too guessable),less than a second,Predictable Mutation (Vulnerable Family)
74,Hello1,capitalization+numeric_suffix,1,6,62,35.725177862321246,68.75,64.27482213767875,70.0,33.4538420705519,13.39694169837047,29.717166601045662,47.547466561673055,86.60305830162953,52.452533438326945,0,0.0,100.0,Very Weak (Too guessable),less than a second,Predictable Mutation (Vulnerable Family)
75,hello!,symbol_suffix,1,6,58,35.14788597076543,50.0,64.85211402923457,44.99999999999999,31.270877904139926,24.164171604901235,30.196041828701308,48.31366692592209,75.83582839509876,51.68633307407791,1,25.0,75.0,Weak (Very guessable),1 second,Predictable Mutation (Vulnerable Family)
76,Hello!,capitalization+symbol_suffix,1,6,84,38.353904536672566,68.75,61.646095463327434,60.0,34.20082197950681,19.176952268336283,31.54569240486899,50.47310784779039,80.82304773166372,49.52689215220961,1,25.0,75.0,Weak (Very guessable),1 second,Predictable Mutation (Vulnerable Family)
77,h3ll01,substitution+numeric_suffix,1,6,36,31.019550008653873,50.0,68.98044999134612,75.0,34.08962954622227,9.693609377704334,25.556375404748255,40.89020064759721,90.30639062229567,59.10979935240279,1,25.0,75.0,Weak (Very guessable),2 seconds,Predictable Mutation (Vulnerable Family)
78,secret,dictionary_only,1,6,26,28.202638308846552,31.25,71.79736169115344,35.0,31.92771084337349,22.91464362593782,23.997726874244428,38.39636299879109,77.08535637406217,61.60363700120891,0,0.0,100.0,Very Weak (Too guessable),less than a second,Predictable Mutation (Vulnerable Family)
79,Secret,capitalization,1,6,52,34.20263830884655,50.0,65.79736169115344,50.0,35.24659385204368,21.376648943029096,27.68421662180489,44.29474659488782,78.6233510569709,55.70525340511218,0,0.0,100.0,Very Weak (Too guessable),less than a second,Predictable Mutation (Vulnerable Family)
80,secret2026,numeric_suffix,1,10,36,51.69925001442312,58.333333333333336,48.30074998557687,55.00000000000001,30.85289330644583,29.080828133113005,44.6856694590506,69.14710669355418,70.919171866887,30.85289330644582,2,50.0,50.0,Fair (Somewhat guessable),2 minutes,Low Vulnerability (Synthetic Random-like Control)
81,Secret2024,capitalization+numeric_suffix,1,10,62,59.54196310386875,77.08333333333334,40.45803689613125,70.0,33.4538420705519,22.328236163950784,49.528611001742775,66.5461579294481,77.67176383604922,33.4538420705519,2,50.0,50.0,Fair (Somewhat guessable),4 minutes,Predictable Mutation (Vulnerable Family)
82,secret!,symbol_suffix,1,7,58,41.005866965893006,52.083333333333336,58.994133034106994,44.99999999999999,31.270877904139926,28.191533539051445,35.228715466818194,56.365944746909115,71.80846646094855,43.634055253090885,1,25.0,75.0,Weak (Very guessable),1 second,Predictable Mutation (Vulnerable Family)
83,Secret!,capitalization+symbol_suffix,1,7,84,44.746221959451326,70.83333333333333,55.253778040548674,60.0,34.20082197950681,22.373110979725663,36.80330780568049,58.88529248908878,77.62688902027433,41.11470751091122,1,25.0,75.0,Weak (Very guessable),1 second,Predictable Mutation (Vulnerable Family)
84,$3cr3t123,substitution+numeric_suffix,1,9,68,54.787165571253055,75.0,45.21283442874694,90.0,35.57313365611981,6.848395696406631,44.122067420239446,64.42686634388019,93.15160430359337,35.57313365611981,1,25.0,75.0,Weak (Very guessable),4 seconds,Predictable Mutation (Vulnerable Family)
85,master,dictionary_only,1,6,26,28.202638308846552,31.25,71.79736169115344,35.0,31.92771084337349,22.91464362593782,23.997726874244428,38.39636299879109,77.08535637406217,61.60363700120891,0,0.0,100.0,Very Weak (Too guessable),less than a second,Predictable Mutation (Vulnerable Family)
86,Master,capitalization,1,6,52,34.20263830884655,50.0,65.79736169115344,50.0,35.24659385204368,21.376648943029096,27.68421662180489,44.29474659488782,78.6233510569709,55.70525340511218,0,0.0,100.0,Very Weak (Too guessable),less than a second,Predictable Mutation (Vulnerable Family)
87,master123,numeric_suffix,1,9,36,46.529325012980806,56.25,53.470674987019194,55.00000000000001,30.85289330644583,26.1727453198017,40.217102513145534,64.34736402103286,73.82725468019831,35.65263597896714,1,25.0,75.0,Weak (Very guessable),less than a second,Predictable Mutation (Vulnerable Family)
88,Master12,capitalization+numeric_suffix,1,8,62,47.633570483095,72.91666666666666,52.366429516905,70.0,33.4538420705519,17.862588931160627,39.62288880139421,63.39662208223075,82.13741106883937,36.60337791776925,1,25.0,75.0,Weak (Very guessable),less than a second,Predictable Mutation (Vulnerable Family)
89,master!,symbol_suffix,1,7,58,41.005866965893006,52.083333333333336,58.994133034106994,44.99999999999999,31.270877904139926,28.191533539051445,35.228715466818194,56.365944746909115,71.80846646094855,43.634055253090885,1,25.0,75.0,Weak (Very guessable),1 second,Predictable Mutation (Vulnerable Family)
90,Master!,capitalization+symbol_suffix,1,7,84,44.746221959451326,70.83333333333333,55.253778040548674,60.0,34.20082197950681,22.373110979725663,36.80330780568049,58.88529248908878,77.62688902027433,41.11470751091122,1,25.0,75.0,Weak (Very guessable),1 second,Predictable Mutation (Vulnerable Family)
91,m@$t3r1,substitution+numeric_suffix,1,7,68,42.61223988875237,70.83333333333333,57.38776011124763,75.0,34.08962954622227,13.316324965235115,35.107356461661404,56.171770338658256,86.68367503476489,43.828229661341744,1,25.0,75.0,Weak (Very guessable),1 second,Predictable Mutation (Vulnerable Family)
92,winter,dictionary_only,1,6,26,28.202638308846552,31.25,71.79736169115344,35.0,31.92771084337349,22.91464362593782,23.997726874244428,38.39636299879109,77.08535637406217,61.60363700120891,0,0.0,100.0,Very Weak (Too guessable),less than a second,Predictable Mutation (Vulnerable Family)
93,Winter,capitalization,1,6,52,34.20263830884655,50.0,65.79736169115344,50.0,35.24659385204368,21.376648943029096,27.68421662180489,44.29474659488782,78.6233510569709,55.70525340511218,0,0.0,100.0,Very Weak (Too guessable),less than a second,Predictable Mutation (Vulnerable Family)
94,winter123,numeric_suffix,1,9,36,46.529325012980806,56.25,53.470674987019194,55.00000000000001,30.85289330644583,26.1727453198017,40.217102513145534,64.34736402103286,73.82725468019831,35.65263597896714,1,25.0,75.0,Weak (Very guessable),3 seconds,Predictable Mutation (Vulnerable Family)
95,Winter1,capitalization+numeric_suffix,1,7,62,41.67937417270812,70.83333333333333,58.32062582729188,70.0,33.4538420705519,15.629765314765546,34.67002770121994,55.4720443219519,84.37023468523445,44.5279556780481,1,25.0,75.0,Weak (Very guessable),less than a second,Predictable Mutation (Vulnerable Family)
96,winter!,symbol_suffix,1,7,58,41.005866965893006,52.083333333333336,58.994133034106994,44.99999999999999,31.270877904139926,28.191533539051445,35.228715466818194,56.365944746909115,71.80846646094855,43.634055253090885,1,25.0,75.0,Weak (Very guessable),1 second,Predictable Mutation (Vulnerable Family)
97,Winter!,capitalization+symbol_suffix,1,7,84,44.746221959451326,70.83333333333333,55.253778040548674,60.0,34.20082197950681,22.373110979725663,36.80330780568049,58.88529248908878,77.62688902027433,41.11470751091122,1,25.0,75.0,Weak (Very guessable),2 seconds,Predictable Mutation (Vulnerable Family)
98,wint3r1,substitution+numeric_suffix,1,7,36,36.18947501009619,52.083333333333336,63.81052498990381,75.0,34.08962954622227,11.30921094065506,29.81577130553964,47.70523408886342,88.69078905934494,52.29476591113658,1,25.0,75.0,Weak (Very guessable),2 seconds,Predictable Mutation (Vulnerable Family)
99,spring,dictionary_only,1,6,26,28.202638308846552,31.25,71.79736169115344,35.0,31.92771084337349,22.91464362593782,23.997726874244428,38.39636299879109,77.08535637406217,61.60363700120891,0,0.0,100.0,Very Weak (Too guessable),less than a second,Predictable Mutation (Vulnerable Family)
100,Spring,capitalization,1,6,52,34.20263830884655,50.0,65.79736169115344,50.0,35.24659385204368,21.376648943029096,27.68421662180489,44.29474659488782,78.6233510569709,55.70525340511218,1,25.0,75.0,Weak (Very guessable),less than a second,Predictable Mutation (Vulnerable Family)
101,spring2024,numeric_suffix,1,10,36,51.69925001442312,58.333333333333336,48.30074998557687,55.00000000000001,30.85289330644583,29.080828133113005,44.6856694590506,69.14710669355418,70.919171866887,30.85289330644582,2,50.0,50.0,Fair (Somewhat guessable),16 minutes,Low Vulnerability (Synthetic Random-like Control)
102,Spring1,capitalization+numeric_suffix,1,7,62,41.67937417270812,70.83333333333333,58.32062582729188,70.0,33.4538420705519,15.629765314765546,34.67002770121994,55.4720443219519,84.37023468523445,44.5279556780481,1,25.0,75.0,Weak (Very guessable),3 seconds,Predictable Mutation (Vulnerable Family)
103,spring!,symbol_suffix,1,7,58,41.005866965893006,52.083333333333336,58.994133034106994,44.99999999999999,31.270877904139926,28.191533539051445,35.228715466818194,56.365944746909115,71.80846646094855,43.634055253090885,1,25.0,75.0,Weak (Very guessable),2 seconds,Predictable Mutation (Vulnerable Family)
104,Spring!,capitalization+symbol_suffix,1,7,84,44.746221959451326,70.83333333333333,55.253778040548674,60.0,34.20082197950681,22.373110979725663,36.80330780568049,58.88529248908878,77.62688902027433,41.11470751091122,1,25.0,75.0,Weak (Very guessable),4 seconds,Predictable Mutation (Vulnerable Family)
105,$pring123,substitution+numeric_suffix,1,9,68,54.787165571253055,75.0,45.21283442874694,90.0,35.57313365611981,6.848395696406631,44.122067420239446,64.42686634388019,93.15160430359337,35.57313365611981,1,25.0,75.0,Weak (Very guessable),14 seconds,Predictable Mutation (Vulnerable Family)
106,SHf6&pWk,synthetic_random_like,0,8,94,52.4367108134211,91.66666666666666,47.56328918657889,0.0,0.0,65.54588851677637,65.54588851677637,100.0,34.45411148322363,0.0,2,50.0,50.0,Fair (Somewhat guessable),3 hours,Low Vulnerability (Synthetic Random-like Control)
107,LUyifDLk,synthetic_random_like,0,8,52,45.603517745128734,54.166666666666664,54.396482254871266,0.0,0.0,57.004397181410916,57.004397181410916,91.20703549025747,42.995602818589084,8.792964509742532,2,50.0,50.0,Fair (Somewhat guessable),3 hours,Low Vulnerability (Synthetic Random-like Control)
108,DmWJ6UuV,synthetic_random_like,0,8,62,47.633570483095,72.91666666666666,52.366429516905,0.0,0.0,59.541963103868746,59.541963103868746,95.26714096619,40.458036896131254,4.732859033810001,2,50.0,50.0,Fair (Somewhat guessable),3 hours,Low Vulnerability (Synthetic Random-like Control)
109,TAIjv&Fu,synthetic_random_like,0,8,84,51.138539382230086,72.91666666666666,48.861460617769914,0.0,0.0,63.923174227787605,63.923174227787605,100.0,36.076825772212395,0.0,2,50.0,50.0,Fair (Somewhat guessable),3 hours,Low Vulnerability (Synthetic Random-like Control)
110,7WICPhDe,synthetic_random_like,0,8,62,47.633570483095,72.91666666666666,52.366429516905,0.0,0.0,59.541963103868746,59.541963103868746,95.26714096619,40.458036896131254,4.732859033810001,2,50.0,50.0,Fair (Somewhat guessable),3 hours,Low Vulnerability (Synthetic Random-like Control)
111,OZIiBOB@,synthetic_random_like,0,8,84,51.138539382230086,72.91666666666666,48.861460617769914,0.0,0.0,63.923174227787605,63.923174227787605,100.0,36.076825772212395,0.0,2,50.0,50.0,Fair (Somewhat guessable),3 hours,Low Vulnerability (Synthetic Random-like Control)
112,Y6sHrF&H,synthetic_random_like,0,8,94,52.4367108134211,91.66666666666666,47.56328918657889,0.0,0.0,65.54588851677637,65.54588851677637,100.0,34.45411148322363,0.0,2,50.0,50.0,Fair (Somewhat guessable),3 hours,Low Vulnerability (Synthetic Random-like Control)
113,2ZUCr$@l,synthetic_random_like,0,8,94,52.4367108134211,91.66666666666666,47.56328918657889,0.0,0.0,65.54588851677637,65.54588851677637,100.0,34.45411148322363,0.0,2,50.0,50.0,Fair (Somewhat guessable),3 hours,Low Vulnerability (Synthetic Random-like Control)
114,gotu2iXW,synthetic_random_like,0,8,62,47.633570483095,72.91666666666666,52.366429516905,0.0,0.0,59.541963103868746,59.541963103868746,95.26714096619,40.458036896131254,4.732859033810001,2,50.0,50.0,Fair (Somewhat guessable),17 minutes,Low Vulnerability (Synthetic Random-like Control)
115,7^Gbo&IR,synthetic_random_like,0,8,94,52.4367108134211,91.66666666666666,47.56328918657889,0.0,0.0,65.54588851677637,65.54588851677637,100.0,34.45411148322363,0.0,2,50.0,50.0,Fair (Somewhat guessable),3 hours,Low Vulnerability (Synthetic Random-like Control)
116,oL3u6aH#,synthetic_random_like,0,8,94,52.4367108134211,91.66666666666666,47.56328918657889,0.0,0.0,65.54588851677637,65.54588851677637,100.0,34.45411148322363,0.0,2,50.0,50.0,Fair (Somewhat guessable),3 hours,Low Vulnerability (Synthetic Random-like Control)
117,w#nM#ztV,synthetic_random_like,0,8,84,51.138539382230086,72.91666666666666,48.861460617769914,0.0,0.0,63.923174227787605,63.923174227787605,100.0,36.076825772212395,0.0,2,50.0,50.0,Fair (Somewhat guessable),3 hours,Low Vulnerability (Synthetic Random-like Control)
118,u*^aP!co,synthetic_random_like,0,8,84,51.138539382230086,72.91666666666666,48.861460617769914,0.0,0.0,63.923174227787605,63.923174227787605,100.0,36.076825772212395,0.0,2,50.0,50.0,Fair (Somewhat guessable),3 hours,Low Vulnerability (Synthetic Random-like Control)
119,UNEhEkk!,synthetic_random_like,0,8,84,51.138539382230086,72.91666666666666,48.861460617769914,0.0,0.0,63.923174227787605,63.923174227787605,100.0,36.076825772212395,0.0,2,50.0,50.0,Fair (Somewhat guessable),3 hours,Low Vulnerability (Synthetic Random-like Control)
120,i&qq8vH^,synthetic_random_like,0,8,94,52.4367108134211,91.66666666666666,47.56328918657889,0.0,0.0,65.54588851677637,65.54588851677637,100.0,34.45411148322363,0.0,2,50.0,50.0,Fair (Somewhat guessable),3 hours,Low Vulnerability (Synthetic Random-like Control)
121,2B*zNZV4,synthetic_random_like,0,8,94,52.4367108134211,91.66666666666666,47.56328918657889,0.0,0.0,65.54588851677637,65.54588851677637,100.0,34.45411148322363,0.0,2,50.0,50.0,Fair (Somewhat guessable),3 hours,Low Vulnerability (Synthetic Random-like Control)
122,%5pFCiRc,synthetic_random_like,0,8,94,52.4367108134211,91.66666666666666,47.56328918657889,0.0,0.0,65.54588851677637,65.54588851677637,100.0,34.45411148322363,0.0,2,50.0,50.0,Fair (Somewhat guessable),3 hours,Low Vulnerability (Synthetic Random-like Control)
123,DCajhDie,synthetic_random_like,0,8,52,45.603517745128734,54.166666666666664,54.396482254871266,0.0,0.0,57.004397181410916,57.004397181410916,91.20703549025747,42.995602818589084,8.792964509742532,2,50.0,50.0,Fair (Somewhat guessable),3 hours,Low Vulnerability (Synthetic Random-like Control)
124,Qj$EJ!B*,synthetic_random_like,0,8,84,51.138539382230086,72.91666666666666,48.861460617769914,0.0,0.0,63.923174227787605,63.923174227787605,100.0,36.076825772212395,0.0,2,50.0,50.0,Fair (Somewhat guessable),3 hours,Low Vulnerability (Synthetic Random-like Control)
125,q8F80ymm,synthetic_random_like,0,8,62,47.633570483095,72.91666666666666,52.366429516905,0.0,0.0,59.541963103868746,59.541963103868746,95.26714096619,40.458036896131254,4.732859033810001,2,50.0,50.0,Fair (Somewhat guessable),3 hours,Low Vulnerability (Synthetic Random-like Control)
126,3T207gmh,synthetic_random_like,0,8,62,47.633570483095,72.91666666666666,52.366429516905,0.0,0.0,59.541963103868746,59.541963103868746,95.26714096619,40.458036896131254,4.732859033810001,2,50.0,50.0,Fair (Somewhat guessable),3 hours,Low Vulnerability (Synthetic Random-like Control)
127,ZRnFyy&5,synthetic_random_like,0,8,94,52.4367108134211,91.66666666666666,47.56328918657889,0.0,0.0,65.54588851677637,65.54588851677637,100.0,34.45411148322363,0.0,2,50.0,50.0,Fair (Somewhat guessable),3 hours,Low Vulnerability (Synthetic Random-like Control)
128,r2xJ7Fj4,synthetic_random_like,0,8,62,47.633570483095,72.91666666666666,52.366429516905,0.0,0.0,59.541963103868746,59.541963103868746,95.26714096619,40.458036896131254,4.732859033810001,2,50.0,50.0,Fair (Somewhat guessable),3 hours,Low Vulnerability (Synthetic Random-like Control)
129,mg*blEv0,synthetic_random_like,0,8,94,52.4367108134211,91.66666666666666,47.56328918657889,0.0,0.0,65.54588851677637,65.54588851677637,100.0,34.45411148322363,0.0,2,50.0,50.0,Fair (Somewhat guessable),3 hours,Low Vulnerability (Synthetic Random-like Control)
130,!9BZhvWa,synthetic_random_like,0,8,94,52.4367108134211,91.66666666666666,47.56328918657889,0.0,0.0,65.54588851677637,65.54588851677637,100.0,34.45411148322363,0.0,2,50.0,50.0,Fair (Somewhat guessable),3 hours,Low Vulnerability (Synthetic Random-like Control)
131,XH6K2!tyL,synthetic_random_like,0,9,94,58.99129966509874,93.75,41.00870033490126,0.0,0.0,73.73912458137342,73.73912458137342,100.0,26.260875418626583,0.0,3,75.0,25.0,Good (Safely unguessable),1 day,Low Vulnerability (Synthetic Random-like Control)
132,Bh*hOhg9#,synthetic_random_like,0,9,94,58.99129966509874,93.75,41.00870033490126,0.0,0.0,73.73912458137342,73.73912458137342,100.0,26.260875418626583,0.0,3,75.0,25.0,Good (Safely unguessable),1 day,Low Vulnerability (Synthetic Random-like Control)
133,^uh$kxiiE,synthetic_random_like,0,9,84,57.530856805008845,75.0,42.469143194991155,0.0,0.0,71.91357100626105,71.91357100626105,100.0,28.08642899373895,0.0,3,75.0,25.0,Good (Safely unguessable),1 day,Low Vulnerability (Synthetic Random-like Control)
134,ZpFfk1%OH,synthetic_random_like,0,9,94,58.99129966509874,93.75,41.00870033490126,0.0,0.0,73.73912458137342,73.73912458137342,100.0,26.260875418626583,0.0,3,75.0,25.0,Good (Safely unguessable),1 day,Low Vulnerability (Synthetic Random-like Control)
135,AOEHYqM6O,synthetic_random_like,0,9,62,53.587766793481876,75.0,46.412233206518124,0.0,0.0,66.98470849185234,66.98470849185234,100.0,33.015291508147655,0.0,3,75.0,25.0,Good (Safely unguessable),1 day,Low Vulnerability (Synthetic Random-like Control)
136,jb6mj&B#H,synthetic_random_like,0,9,94,58.99129966509874,93.75,41.00870033490126,0.0,0.0,73.73912458137342,73.73912458137342,100.0,26.260875418626583,0.0,3,75.0,25.0,Good (Safely unguessable),1 day,Low Vulnerability (Synthetic Random-like Control)
137,qSiFVKu4*,synthetic_random_like,0,9,94,58.99129966509874,93.75,41.00870033490126,0.0,0.0,73.73912458137342,73.73912458137342,100.0,26.260875418626583,0.0,3,75.0,25.0,Good (Safely unguessable),1 day,Low Vulnerability (Synthetic Random-like Control)
138,M^bMnrHon,synthetic_random_like,0,9,84,57.530856805008845,75.0,42.469143194991155,0.0,0.0,71.91357100626105,71.91357100626105,100.0,28.08642899373895,0.0,3,75.0,25.0,Good (Safely unguessable),1 day,Low Vulnerability (Synthetic Random-like Control)
139,tIKARAH#!,synthetic_random_like,0,9,84,57.530856805008845,75.0,42.469143194991155,0.0,0.0,71.91357100626105,71.91357100626105,100.0,28.08642899373895,0.0,3,75.0,25.0,Good (Safely unguessable),9 hours,Low Vulnerability (Synthetic Random-like Control)
140,Ggl2JfaQq,synthetic_random_like,0,9,62,53.587766793481876,75.0,46.412233206518124,0.0,0.0,66.98470849185234,66.98470849185234,100.0,33.015291508147655,0.0,3,75.0,25.0,Good (Safely unguessable),1 day,Low Vulnerability (Synthetic Random-like Control)
141,Hu42bojt*,synthetic_random_like,0,9,94,58.99129966509874,93.75,41.00870033490126,0.0,0.0,73.73912458137342,73.73912458137342,100.0,26.260875418626583,0.0,3,75.0,25.0,Good (Safely unguessable),1 day,Low Vulnerability (Synthetic Random-like Control)
142,eVs3qfNUf,synthetic_random_like,0,9,62,53.587766793481876,75.0,46.412233206518124,0.0,0.0,66.98470849185234,66.98470849185234,100.0,33.015291508147655,0.0,3,75.0,25.0,Good (Safely unguessable),1 day,Low Vulnerability (Synthetic Random-like Control)
143,TAFnT0tEu,synthetic_random_like,0,9,62,53.587766793481876,75.0,46.412233206518124,0.0,0.0,66.98470849185234,66.98470849185234,100.0,33.015291508147655,0.0,3,75.0,25.0,Good (Safely unguessable),1 day,Low Vulnerability (Synthetic Random-like Control)
144,w0dwQ0FIu,synthetic_random_like,0,9,62,53.587766793481876,75.0,46.412233206518124,0.0,0.0,66.98470849185234,66.98470849185234,100.0,33.015291508147655,0.0,3,75.0,25.0,Good (Safely unguessable),1 day,Low Vulnerability (Synthetic Random-like Control)
145,nWe8Cz6SN,synthetic_random_like,0,9,62,53.587766793481876,75.0,46.412233206518124,0.0,0.0,66.98470849185234,66.98470849185234,100.0,33.015291508147655,0.0,3,75.0,25.0,Good (Safely unguessable),1 day,Low Vulnerability (Synthetic Random-like Control)
146,DCdyZQJiJ,synthetic_random_like,0,9,52,51.303957463269825,56.25,48.696042536730175,0.0,0.0,64.12994682908729,64.12994682908729,100.0,35.87005317091271,0.0,3,75.0,25.0,Good (Safely unguessable),1 day,Low Vulnerability (Synthetic Random-like Control)
147,S$Z&QdoHw,synthetic_random_like,0,9,84,57.530856805008845,75.0,42.469143194991155,0.0,0.0,71.91357100626105,71.91357100626105,100.0,28.08642899373895,0.0,3,75.0,25.0,Good (Safely unguessable),11 hours,Low Vulnerability (Synthetic Random-like Control)
148,Hen3SO3$o,synthetic_random_like,0,9,94,58.99129966509874,93.75,41.00870033490126,0.0,0.0,73.73912458137342,73.73912458137342,100.0,26.260875418626583,0.0,3,75.0,25.0,Good (Safely unguessable),1 day,Low Vulnerability (Synthetic Random-like Control)
149,XyGf3a%&z,synthetic_random_like,0,9,94,58.99129966509874,93.75,41.00870033490126,0.0,0.0,73.73912458137342,73.73912458137342,100.0,26.260875418626583,0.0,3,75.0,25.0,Good (Safely unguessable),1 day,Low Vulnerability (Synthetic Random-like Control)
150,U3iQOpM#N,synthetic_random_like,0,9,94,58.99129966509874,93.75,41.00870033490126,0.0,0.0,73.73912458137342,73.73912458137342,100.0,26.260875418626583,0.0,3,75.0,25.0,Good (Safely unguessable),1 day,Low Vulnerability (Synthetic Random-like Control)
151,0PZLqy1Ww,synthetic_random_like,0,9,62,53.587766793481876,75.0,46.412233206518124,0.0,0.0,66.98470849185234,66.98470849185234,100.0,33.015291508147655,0.0,3,75.0,25.0,Good (Safely unguessable),1 day,Low Vulnerability (Synthetic Random-like Control)
152,MZaMKA3P7,synthetic_random_like,0,9,62,53.587766793481876,75.0,46.412233206518124,0.0,0.0,66.98470849185234,66.98470849185234,100.0,33.015291508147655,0.0,3,75.0,25.0,Good (Safely unguessable),1 day,Low Vulnerability (Synthetic Random-like Control)
153,44B$8vkK$,synthetic_random_like,0,9,94,58.99129966509874,93.75,41.00870033490126,0.0,0.0,73.73912458137342,73.73912458137342,100.0,26.260875418626583,0.0,3,75.0,25.0,Good (Safely unguessable),1 day,Low Vulnerability (Synthetic Random-like Control)
154,QlENCzsdf,synthetic_random_like,0,9,52,51.303957463269825,56.25,48.696042536730175,0.0,0.0,64.12994682908729,64.12994682908729,100.0,35.87005317091271,0.0,3,75.0,25.0,Good (Safely unguessable),1 day,Low Vulnerability (Synthetic Random-like Control)
155,F8j61yX@Z,synthetic_random_like,0,9,94,58.99129966509874,93.75,41.00870033490126,0.0,0.0,73.73912458137342,73.73912458137342,100.0,26.260875418626583,0.0,3,75.0,25.0,Good (Safely unguessable),1 day,Low Vulnerability (Synthetic Random-like Control)
156,Fsan2Cw%7g,synthetic_random_like,0,10,94,65.54588851677637,95.83333333333334,34.45411148322363,0.0,0.0,81.93236064597048,81.93236064597048,100.0,18.067639354029524,0.0,3,75.0,25.0,Good (Safely unguessable),12 days,Low Vulnerability (Synthetic Random-like Control)
157,Fp6r7^O4#2,synthetic_random_like,0,10,94,65.54588851677637,95.83333333333334,34.45411148322363,0.0,0.0,81.93236064597048,81.93236064597048,100.0,18.067639354029524,0.0,3,75.0,25.0,Good (Safely unguessable),12 days,Low Vulnerability (Synthetic Random-like Control)
158,5u85HFJ%!E,synthetic_random_like,0,10,94,65.54588851677637,95.83333333333334,34.45411148322363,0.0,0.0,81.93236064597048,81.93236064597048,100.0,18.067639354029524,0.0,3,75.0,25.0,Good (Safely unguessable),12 days,Low Vulnerability (Synthetic Random-like Control)
159,J4jKEIQO*k,synthetic_random_like,0,10,94,65.54588851677637,95.83333333333334,34.45411148322363,0.0,0.0,81.93236064597048,81.93236064597048,100.0,18.067639354029524,0.0,3,75.0,25.0,Good (Safely unguessable),12 days,Low Vulnerability (Synthetic Random-like Control)
160,rtDXtBi10Q,synthetic_random_like,0,10,62,59.54196310386875,77.08333333333334,40.45803689613125,0.0,0.0,74.42745387983594,74.42745387983594,100.0,25.572546120164063,0.0,3,75.0,25.0,Good (Safely unguessable),12 days,Low Vulnerability (Synthetic Random-like Control)
161,*71hA1XcW9,synthetic_random_like,0,10,94,65.54588851677637,95.83333333333334,34.45411148322363,0.0,0.0,81.93236064597048,81.93236064597048,100.0,18.067639354029524,0.0,3,75.0,25.0,Good (Safely unguessable),12 days,Low Vulnerability (Synthetic Random-like Control)
162,aTMX1&*C!C,synthetic_random_like,0,10,94,65.54588851677637,95.83333333333334,34.45411148322363,0.0,0.0,81.93236064597048,81.93236064597048,100.0,18.067639354029524,0.0,3,75.0,25.0,Good (Safely unguessable),12 days,Low Vulnerability (Synthetic Random-like Control)
163,I3!dXRZv7q,synthetic_random_like,0,10,94,65.54588851677637,95.83333333333334,34.45411148322363,0.0,0.0,81.93236064597048,81.93236064597048,100.0,18.067639354029524,0.0,3,75.0,25.0,Good (Safely unguessable),12 days,Low Vulnerability (Synthetic Random-like Control)
164,&dYdk2r7xg,synthetic_random_like,0,10,94,65.54588851677637,95.83333333333334,34.45411148322363,0.0,0.0,81.93236064597048,81.93236064597048,100.0,18.067639354029524,0.0,3,75.0,25.0,Good (Safely unguessable),12 days,Low Vulnerability (Synthetic Random-like Control)
165,HWPB6PRWJ1,synthetic_random_like,0,10,36,51.69925001442312,58.333333333333336,48.30074998557687,0.0,0.0,64.62406251802891,64.62406251802891,100.0,35.37593748197109,0.0,3,75.0,25.0,Good (Safely unguessable),12 days,Low Vulnerability (Synthetic Random-like Control)
166,Gk8c*gSCif,synthetic_random_like,0,10,94,65.54588851677637,95.83333333333334,34.45411148322363,0.0,0.0,81.93236064597048,81.93236064597048,100.0,18.067639354029524,0.0,3,75.0,25.0,Good (Safely unguessable),12 days,Low Vulnerability (Synthetic Random-like Control)
167,dFzctEq8oB,synthetic_random_like,0,10,62,59.54196310386875,77.08333333333334,40.45803689613125,0.0,0.0,74.42745387983594,74.42745387983594,100.0,25.572546120164063,0.0,3,75.0,25.0,Good (Safely unguessable),12 days,Low Vulnerability (Synthetic Random-like Control)
168,7GVvouNndN,synthetic_random_like,0,10,62,59.54196310386875,77.08333333333334,40.45803689613125,0.0,0.0,74.42745387983594,74.42745387983594,100.0,25.572546120164063,0.0,3,75.0,25.0,Good (Safely unguessable),12 days,Low Vulnerability (Synthetic Random-like Control)
169,WYzjFnMpfS,synthetic_random_like,0,10,52,57.004397181410916,58.333333333333336,42.995602818589084,0.0,0.0,71.25549647676365,71.25549647676365,100.0,28.744503523236347,0.0,3,75.0,25.0,Good (Safely unguessable),12 days,Low Vulnerability (Synthetic Random-like Control)
170,&2Vi#Rb1!n,synthetic_random_like,0,10,94,65.54588851677637,95.83333333333334,34.45411148322363,0.0,0.0,81.93236064597048,81.93236064597048,100.0,18.067639354029524,0.0,3,75.0,25.0,Good (Safely unguessable),12 days,Low Vulnerability (Synthetic Random-like Control)
171,3U6t3w%I&9,synthetic_random_like,0,10,94,65.54588851677637,95.83333333333334,34.45411148322363,0.0,0.0,81.93236064597048,81.93236064597048,100.0,18.067639354029524,0.0,3,75.0,25.0,Good (Safely unguessable),12 days,Low Vulnerability (Synthetic Random-like Control)
172,73IPFlJ5F7,synthetic_random_like,0,10,62,59.54196310386875,77.08333333333334,40.45803689613125,0.0,0.0,74.42745387983594,74.42745387983594,100.0,25.572546120164063,0.0,3,75.0,25.0,Good (Safely unguessable),12 days,Low Vulnerability (Synthetic Random-like Control)
173,WRd@Px!BTH,synthetic_random_like,0,10,84,63.923174227787605,77.08333333333334,36.076825772212395,0.0,0.0,79.9039677847345,79.9039677847345,100.0,20.096032215265495,0.0,3,75.0,25.0,Good (Safely unguessable),12 days,Low Vulnerability (Synthetic Random-like Control)
174,RJJb%ykE0!,synthetic_random_like,0,10,94,65.54588851677637,95.83333333333334,34.45411148322363,0.0,0.0,81.93236064597048,81.93236064597048,100.0,18.067639354029524,0.0,3,75.0,25.0,Good (Safely unguessable),12 days,Low Vulnerability (Synthetic Random-like Control)
175,E8!5clLCZF,synthetic_random_like,0,10,94,65.54588851677637,95.83333333333334,34.45411148322363,0.0,0.0,81.93236064597048,81.93236064597048,100.0,18.067639354029524,0.0,3,75.0,25.0,Good (Safely unguessable),12 days,Low Vulnerability (Synthetic Random-like Control)
176,NV8^S2QT6I,synthetic_random_like,0,10,68,60.87462841250339,77.08333333333334,39.1253715874966,0.0,0.0,76.09328551562923,76.09328551562923,100.0,23.906714484370767,0.0,3,75.0,25.0,Good (Safely unguessable),12 days,Low Vulnerability (Synthetic Random-like Control)
177,NGDpyOp&xy,synthetic_random_like,0,10,84,63.923174227787605,77.08333333333334,36.076825772212395,0.0,0.0,79.9039677847345,79.9039677847345,100.0,20.096032215265495,0.0,3,75.0,25.0,Good (Safely unguessable),12 days,Low Vulnerability (Synthetic Random-like Control)
178,B9J^KmyLDU,synthetic_random_like,0,10,94,65.54588851677637,95.83333333333334,34.45411148322363,0.0,0.0,81.93236064597048,81.93236064597048,100.0,18.067639354029524,0.0,3,75.0,25.0,Good (Safely unguessable),12 days,Low Vulnerability (Synthetic Random-like Control)
179,wMb&qJfgLq,synthetic_random_like,0,10,84,63.923174227787605,77.08333333333334,36.076825772212395,0.0,0.0,79.9039677847345,79.9039677847345,100.0,20.096032215265495,0.0,3,75.0,25.0,Good (Safely unguessable),12 days,Low Vulnerability (Synthetic Random-like Control)
180,!nbK894Rxg,synthetic_random_like,0,10,94,65.54588851677637,95.83333333333334,34.45411148322363,0.0,0.0,81.93236064597048,81.93236064597048,100.0,18.067639354029524,0.0,3,75.0,25.0,Good (Safely unguessable),12 days,Low Vulnerability (Synthetic Random-like Control)
181,G9oiZ!jgttM,synthetic_random_like,0,11,94,72.10047736845401,97.91666666666666,27.89952263154599,0.0,0.0,90.1255967105675,90.1255967105675,100.0,9.874403289432493,0.0,4,100.0,0.0,Strong (Very unguessable),4 months,Low Vulnerability (Synthetic Random-like Control)
182,kFp1C%W54M2,synthetic_random_like,0,11,94,72.10047736845401,97.91666666666666,27.89952263154599,0.0,0.0,90.1255967105675,90.1255967105675,100.0,9.874403289432493,0.0,4,100.0,0.0,Strong (Very unguessable),4 months,Low Vulnerability (Synthetic Random-like Control)
183,NhmABHkuEwj,synthetic_random_like,0,11,52,62.70483689955201,60.416666666666664,37.29516310044799,0.0,0.0,78.38104612444002,78.38104612444002,100.0,21.61895387555998,0.0,4,100.0,0.0,Strong (Very unguessable),4 months,Low Vulnerability (Synthetic Random-like Control)
184,ua058LeDKK6,synthetic_random_like,0,11,62,65.49615941425563,79.16666666666666,34.50384058574437,0.0,0.0,81.87019926781953,81.87019926781953,100.0,18.12980073218047,0.0,4,100.0,0.0,Strong (Very unguessable),4 months,Low Vulnerability (Synthetic Random-like Control)
185,jDHz2o*CtIs,synthetic_random_like,0,11,94,72.10047736845401,97.91666666666666,27.89952263154599,0.0,0.0,90.1255967105675,90.1255967105675,100.0,9.874403289432493,0.0,4,100.0,0.0,Strong (Very unguessable),4 months,Low Vulnerability (Synthetic Random-like Control)
186,jhvNK4p7MZI,synthetic_random_like,0,11,62,65.49615941425563,79.16666666666666,34.50384058574437,0.0,0.0,81.87019926781953,81.87019926781953,100.0,18.12980073218047,0.0,4,100.0,0.0,Strong (Very unguessable),4 months,Low Vulnerability (Synthetic Random-like Control)
187,#*@4kf3PGdl,synthetic_random_like,0,11,94,72.10047736845401,97.91666666666666,27.89952263154599,0.0,0.0,90.1255967105675,90.1255967105675,100.0,9.874403289432493,0.0,4,100.0,0.0,Strong (Very unguessable),4 months,Low Vulnerability (Synthetic Random-like Control)
188,DcIfw8%4Jx3,synthetic_random_like,0,11,94,72.10047736845401,97.91666666666666,27.89952263154599,0.0,0.0,90.1255967105675,90.1255967105675,100.0,9.874403289432493,0.0,4,100.0,0.0,Strong (Very unguessable),4 months,Low Vulnerability (Synthetic Random-like Control)
189,!l8S0QPnuQ0,synthetic_random_like,0,11,94,72.10047736845401,97.91666666666666,27.89952263154599,0.0,0.0,90.1255967105675,90.1255967105675,100.0,9.874403289432493,0.0,4,100.0,0.0,Strong (Very unguessable),4 months,Low Vulnerability (Synthetic Random-like Control)
190,@KZe6lOGPoZ,synthetic_random_like,0,11,94,72.10047736845401,97.91666666666666,27.89952263154599,0.0,0.0,90.1255967105675,90.1255967105675,100.0,9.874403289432493,0.0,4,100.0,0.0,Strong (Very unguessable),4 months,Low Vulnerability (Synthetic Random-like Control)
191,$a*70gy%U@4,synthetic_random_like,0,11,94,72.10047736845401,97.91666666666666,27.89952263154599,0.0,0.0,90.1255967105675,90.1255967105675,100.0,9.874403289432493,0.0,4,100.0,0.0,Strong (Very unguessable),4 months,Low Vulnerability (Synthetic Random-like Control)
192,gAIqK4!pdEu,synthetic_random_like,0,11,94,72.10047736845401,97.91666666666666,27.89952263154599,0.0,0.0,90.1255967105675,90.1255967105675,100.0,9.874403289432493,0.0,4,100.0,0.0,Strong (Very unguessable),4 months,Low Vulnerability (Synthetic Random-like Control)
193,Nb0lCo7pt@L,synthetic_random_like,0,11,94,72.10047736845401,97.91666666666666,27.89952263154599,0.0,0.0,90.1255967105675,90.1255967105675,100.0,9.874403289432493,0.0,4,100.0,0.0,Strong (Very unguessable),4 months,Low Vulnerability (Synthetic Random-like Control)
194,$I198F6sXy$,synthetic_random_like,0,11,94,72.10047736845401,97.91666666666666,27.89952263154599,0.0,0.0,90.1255967105675,90.1255967105675,100.0,9.874403289432493,0.0,4,100.0,0.0,Strong (Very unguessable),4 months,Low Vulnerability (Synthetic Random-like Control)
195,riJ1R#IaKM!,synthetic_random_like,0,11,94,72.10047736845401,97.91666666666666,27.89952263154599,0.0,0.0,90.1255967105675,90.1255967105675,100.0,9.874403289432493,0.0,4,100.0,0.0,Strong (Very unguessable),4 months,Low Vulnerability (Synthetic Random-like Control)
196,t5&9SQ*W6Py,synthetic_random_like,0,11,94,72.10047736845401,97.91666666666666,27.89952263154599,0.0,0.0,90.1255967105675,90.1255967105675,100.0,9.874403289432493,0.0,4,100.0,0.0,Strong (Very unguessable),4 months,Low Vulnerability (Synthetic Random-like Control)
197,EXD0fO8WXt@,synthetic_random_like,0,11,94,72.10047736845401,97.91666666666666,27.89952263154599,0.0,0.0,90.1255967105675,90.1255967105675,100.0,9.874403289432493,0.0,4,100.0,0.0,Strong (Very unguessable),4 months,Low Vulnerability (Synthetic Random-like Control)
198,eq#Qm4m^6bs,synthetic_random_like,0,11,94,72.10047736845401,97.91666666666666,27.89952263154599,0.0,0.0,90.1255967105675,90.1255967105675,100.0,9.874403289432493,0.0,4,100.0,0.0,Strong (Very unguessable),4 months,Low Vulnerability (Synthetic Random-like Control)
199,0tj8HRYkQ&W,synthetic_random_like,0,11,94,72.10047736845401,97.91666666666666,27.89952263154599,0.0,0.0,90.1255967105675,90.1255967105675,100.0,9.874403289432493,0.0,4,100.0,0.0,Strong (Very unguessable),4 months,Low Vulnerability (Synthetic Random-like Control)
200,O!*eiEKDl3m,synthetic_random_like,0,11,94,72.10047736845401,97.91666666666666,27.89952263154599,0.0,0.0,90.1255967105675,90.1255967105675,100.0,9.874403289432493,0.0,4,100.0,0.0,Strong (Very unguessable),4 months,Low Vulnerability (Synthetic Random-like Control)
201,m4vMdfPhLTV,synthetic_random_like,0,11,62,65.49615941425563,79.16666666666666,34.50384058574437,0.0,0.0,81.87019926781953,81.87019926781953,100.0,18.12980073218047,0.0,4,100.0,0.0,Strong (Very unguessable),4 months,Low Vulnerability (Synthetic Random-like Control)
202,3sF^0xvwkWE,synthetic_random_like,0,11,94,72.10047736845401,97.91666666666666,27.89952263154599,0.0,0.0,90.1255967105675,90.1255967105675,100.0,9.874403289432493,0.0,4,100.0,0.0,Strong (Very unguessable),4 months,Low Vulnerability (Synthetic Random-like Control)
203,@sD7G6Gb7K*,synthetic_random_like,0,11,94,72.10047736845401,97.91666666666666,27.89952263154599,0.0,0.0,90.1255967105675,90.1255967105675,100.0,9.874403289432493,0.0,4,100.0,0.0,Strong (Very unguessable),4 months,Low Vulnerability (Synthetic Random-like Control)
204,uj4SM2G6MzX,synthetic_random_like,0,11,62,65.49615941425563,79.16666666666666,34.50384058574437,0.0,0.0,81.87019926781953,81.87019926781953,100.0,18.12980073218047,0.0,4,100.0,0.0,Strong (Very unguessable),4 months,Low Vulnerability (Synthetic Random-like Control)
205,9nEWTLLcYJb,synthetic_random_like,0,11,62,65.49615941425563,79.16666666666666,34.50384058574437,0.0,0.0,81.87019926781953,81.87019926781953,100.0,18.12980073218047,0.0,4,100.0,0.0,Strong (Very unguessable),2 months,Low Vulnerability (Synthetic Random-like Control)
206,g@KDTCyGrmfN,synthetic_random_like,0,12,84,76.70780907334513,81.25,23.292190926654868,0.0,0.0,95.88476134168141,95.88476134168141,100.0,4.115238658318589,0.0,4,100.0,0.0,Strong (Very unguessable),3 years,Low Vulnerability (Synthetic Random-like Control)
207,4eUqlLP1wzq*,synthetic_random_like,0,12,94,78.65506622013166,100.0,21.34493377986834,0.0,0.0,98.31883277516458,98.31883277516458,100.0,1.68116722483542,0.0,4,100.0,0.0,Strong (Very unguessable),3 years,Low Vulnerability (Synthetic Random-like Control)
208,U^#IvG9LRo7j,synthetic_random_like,0,12,94,78.65506622013166,100.0,21.34493377986834,0.0,0.0,98.31883277516458,98.31883277516458,100.0,1.68116722483542,0.0,4,100.0,0.0,Strong (Very unguessable),3 years,Low Vulnerability (Synthetic Random-like Control)
209,sCYUlYbH&p6V,synthetic_random_like,0,12,94,78.65506622013166,100.0,21.34493377986834,0.0,0.0,98.31883277516458,98.31883277516458,100.0,1.68116722483542,0.0,4,100.0,0.0,Strong (Very unguessable),3 years,Low Vulnerability (Synthetic Random-like Control)
210,HWVnD8dPCi7M,synthetic_random_like,0,12,62,71.45035572464249,81.25,28.549644275357508,0.0,0.0,89.31294465580312,89.31294465580312,100.0,10.687055344196878,0.0,4,100.0,0.0,Strong (Very unguessable),3 years,Low Vulnerability (Synthetic Random-like Control)
211,0orfeM@omE&r,synthetic_random_like,0,12,94,78.65506622013166,100.0,21.34493377986834,0.0,0.0,98.31883277516458,98.31883277516458,100.0,1.68116722483542,0.0,4,100.0,0.0,Strong (Very unguessable),3 years,Low Vulnerability (Synthetic Random-like Control)
212,X6V*1t1m!0Je,synthetic_random_like,0,12,94,78.65506622013166,100.0,21.34493377986834,0.0,0.0,98.31883277516458,98.31883277516458,100.0,1.68116722483542,0.0,4,100.0,0.0,Strong (Very unguessable),3 years,Low Vulnerability (Synthetic Random-like Control)
213,VB44EUmV*ThY,synthetic_random_like,0,12,94,78.65506622013166,100.0,21.34493377986834,0.0,0.0,98.31883277516458,98.31883277516458,100.0,1.68116722483542,0.0,4,100.0,0.0,Strong (Very unguessable),3 years,Low Vulnerability (Synthetic Random-like Control)
214,Jyp6lBcgQFqA,synthetic_random_like,0,12,62,71.45035572464249,81.25,28.549644275357508,0.0,0.0,89.31294465580312,89.31294465580312,100.0,10.687055344196878,0.0,4,100.0,0.0,Strong (Very unguessable),3 years,Low Vulnerability (Synthetic Random-like Control)
215,iABDQsaJsq*G,synthetic_random_like,0,12,84,76.70780907334513,81.25,23.292190926654868,0.0,0.0,95.88476134168141,95.88476134168141,100.0,4.115238658318589,0.0,4,100.0,0.0,Strong (Very unguessable),3 years,Low Vulnerability (Synthetic Random-like Control)
216,wodqbTEPcwHg,synthetic_random_like,0,12,52,68.4052766176931,62.5,31.594723382306896,0.0,0.0,85.50659577211638,85.50659577211638,100.0,14.493404227883616,0.0,4,100.0,0.0,Strong (Very unguessable),3 years,Low Vulnerability (Synthetic Random-like Control)
217,q1^oi85U$n5#,synthetic_random_like,0,12,94,78.65506622013166,100.0,21.34493377986834,0.0,0.0,98.31883277516458,98.31883277516458,100.0,1.68116722483542,0.0,4,100.0,0.0,Strong (Very unguessable),3 years,Low Vulnerability (Synthetic Random-like Control)
218,Cf%M6dh9Z2n!,synthetic_random_like,0,12,94,78.65506622013166,100.0,21.34493377986834,0.0,0.0,98.31883277516458,98.31883277516458,100.0,1.68116722483542,0.0,4,100.0,0.0,Strong (Very unguessable),3 years,Low Vulnerability (Synthetic Random-like Control)
219,4jkPsiqJPW^L,synthetic_random_like,0,12,94,78.65506622013166,100.0,21.34493377986834,0.0,0.0,98.31883277516458,98.31883277516458,100.0,1.68116722483542,0.0,4,100.0,0.0,Strong (Very unguessable),3 years,Low Vulnerability (Synthetic Random-like Control)
220,6#3moB35D0R6,synthetic_random_like,0,12,94,78.65506622013166,100.0,21.34493377986834,0.0,0.0,98.31883277516458,98.31883277516458,100.0,1.68116722483542,0.0,4,100.0,0.0,Strong (Very unguessable),3 years,Low Vulnerability (Synthetic Random-like Control)
221,Z1mO2OGVt8il,synthetic_random_like,0,12,62,71.45035572464249,81.25,28.549644275357508,0.0,0.0,89.31294465580312,89.31294465580312,100.0,10.687055344196878,0.0,4,100.0,0.0,Strong (Very unguessable),3 years,Low Vulnerability (Synthetic Random-like Control)
222,kl3mVqhQp0T2,synthetic_random_like,0,12,62,71.45035572464249,81.25,28.549644275357508,0.0,0.0,89.31294465580312,89.31294465580312,100.0,10.687055344196878,0.0,4,100.0,0.0,Strong (Very unguessable),3 years,Low Vulnerability (Synthetic Random-like Control)
223,gKNTn#Bt9CnS,synthetic_random_like,0,12,94,78.65506622013166,100.0,21.34493377986834,0.0,0.0,98.31883277516458,98.31883277516458,100.0,1.68116722483542,0.0,4,100.0,0.0,Strong (Very unguessable),3 years,Low Vulnerability (Synthetic Random-like Control)
224,VoJC2dIdxINR,synthetic_random_like,0,12,62,71.45035572464249,81.25,28.549644275357508,0.0,0.0,89.31294465580312,89.31294465580312,100.0,10.687055344196878,0.0,4,100.0,0.0,Strong (Very unguessable),3 years,Low Vulnerability (Synthetic Random-like Control)
225,SaxsZisdl^BW,synthetic_random_like,0,12,84,76.70780907334513,81.25,23.292190926654868,0.0,0.0,95.88476134168141,95.88476134168141,100.0,4.115238658318589,0.0,4,100.0,0.0,Strong (Very unguessable),3 years,Low Vulnerability (Synthetic Random-like Control)
226,16RuVNPkgtug,synthetic_random_like,0,12,62,71.45035572464249,81.25,28.549644275357508,0.0,0.0,89.31294465580312,89.31294465580312,100.0,10.687055344196878,0.0,4,100.0,0.0,Strong (Very unguessable),3 years,Low Vulnerability (Synthetic Random-like Control)
227,kI42!41IB$oS,synthetic_random_like,0,12,94,78.65506622013166,100.0,21.34493377986834,0.0,0.0,98.31883277516458,98.31883277516458,100.0,1.68116722483542,0.0,4,100.0,0.0,Strong (Very unguessable),3 years,Low Vulnerability (Synthetic Random-like Control)
228,3oK!^NfCYhaA,synthetic_random_like,0,12,94,78.65506622013166,100.0,21.34493377986834,0.0,0.0,98.31883277516458,98.31883277516458,100.0,1.68116722483542,0.0,4,100.0,0.0,Strong (Very unguessable),3 years,Low Vulnerability (Synthetic Random-like Control)
229,MBrGLPpa@3wq,synthetic_random_like,0,12,94,78.65506622013166,100.0,21.34493377986834,0.0,0.0,98.31883277516458,98.31883277516458,100.0,1.68116722483542,0.0,4,100.0,0.0,Strong (Very unguessable),3 years,Low Vulnerability (Synthetic Random-like Control)
230,W&D#TjYf3c6j,synthetic_random_like,0,12,94,78.65506622013166,100.0,21.34493377986834,0.0,0.0,98.31883277516458,98.31883277516458,100.0,1.68116722483542,0.0,4,100.0,0.0,Strong (Very unguessable),3 years,Low Vulnerability (Synthetic Random-like Control)
231,O2Z1LoZcPv6Ul,synthetic_random_like,0,13,62,77.40455203502937,83.33333333333333,22.59544796497063,0.0,0.0,96.75569004378671,96.75569004378671,100.0,3.2443099562132858,0.0,4,100.0,0.0,Strong (Very unguessable),31 years,Low Vulnerability (Synthetic Random-like Control)
232,3nF3Z^kYNRCQv,synthetic_random_like,0,13,94,85.2096550718093,100.0,14.790344928190706,0.0,0.0,100.0,100.0,100.0,0.0,0.0,4,100.0,0.0,Strong (Very unguessable),31 years,Low Vulnerability (Synthetic Random-like Control)
233,j$o^$ySSsEnsG,synthetic_random_like,0,13,84,83.10012649612389,83.33333333333333,16.89987350387611,0.0,0.0,100.0,100.0,100.0,0.0,0.0,4,100.0,0.0,Strong (Very unguessable),31 years,Low Vulnerability (Synthetic Random-like Control)
234,zwtjw@75POt4i,synthetic_random_like,0,13,94,85.2096550718093,100.0,14.790344928190706,0.0,0.0,100.0,100.0,100.0,0.0,0.0,4,100.0,0.0,Strong (Very unguessable),3 years,Low Vulnerability (Synthetic Random-like Control)
235,84MJhT#jN75eh,synthetic_random_like,0,13,94,85.2096550718093,100.0,14.790344928190706,0.0,0.0,100.0,100.0,100.0,0.0,0.0,4,100.0,0.0,Strong (Very unguessable),31 years,Low Vulnerability (Synthetic Random-like Control)
236,VKjl#X7f5yP8#,synthetic_random_like,0,13,94,85.2096550718093,100.0,14.790344928190706,0.0,0.0,100.0,100.0,100.0,0.0,0.0,4,100.0,0.0,Strong (Very unguessable),31 years,Low Vulnerability (Synthetic Random-like Control)
237,th5nRk#wfF44^,synthetic_random_like,0,13,94,85.2096550718093,100.0,14.790344928190706,0.0,0.0,100.0,100.0,100.0,0.0,0.0,4,100.0,0.0,Strong (Very unguessable),31 years,Low Vulnerability (Synthetic Random-like Control)
238,%uUVKX0RgQiQm,synthetic_random_like,0,13,94,85.2096550718093,100.0,14.790344928190706,0.0,0.0,100.0,100.0,100.0,0.0,0.0,4,100.0,0.0,Strong (Very unguessable),31 years,Low Vulnerability (Synthetic Random-like Control)
239,XKGtQksSNYqkN,synthetic_random_like,0,13,52,74.10571633583419,64.58333333333333,25.894283664165812,0.0,0.0,92.63214541979274,92.63214541979274,100.0,7.367854580207265,0.0,4,100.0,0.0,Strong (Very unguessable),31 years,Low Vulnerability (Synthetic Random-like Control)
240,WQq^l2$UcUNxB,synthetic_random_like,0,13,94,85.2096550718093,100.0,14.790344928190706,0.0,0.0,100.0,100.0,100.0,0.0,0.0,4,100.0,0.0,Strong (Very unguessable),31 years,Low Vulnerability (Synthetic Random-like Control)
241,R!yCrtjLm#*^e,synthetic_random_like,0,13,84,83.10012649612389,83.33333333333333,16.89987350387611,0.0,0.0,100.0,100.0,100.0,0.0,0.0,4,100.0,0.0,Strong (Very unguessable),31 years,Low Vulnerability (Synthetic Random-like Control)
242,RqWtuxv4f0UE4,synthetic_random_like,0,13,62,77.40455203502937,83.33333333333333,22.59544796497063,0.0,0.0,96.75569004378671,96.75569004378671,100.0,3.2443099562132858,0.0,4,100.0,0.0,Strong (Very unguessable),31 years,Low Vulnerability (Synthetic Random-like Control)
243,K5D&EN8yV47KW,synthetic_random_like,0,13,94,85.2096550718093,100.0,14.790344928190706,0.0,0.0,100.0,100.0,100.0,0.0,0.0,4,100.0,0.0,Strong (Very unguessable),31 years,Low Vulnerability (Synthetic Random-like Control)
244,#^1uzrGg9Vn%p,synthetic_random_like,0,13,94,85.2096550718093,100.0,14.790344928190706,0.0,0.0,100.0,100.0,100.0,0.0,0.0,4,100.0,0.0,Strong (Very unguessable),31 years,Low Vulnerability (Synthetic Random-like Control)
245,KkuI5$s3lC5Sd,synthetic_random_like,0,13,94,85.2096550718093,100.0,14.790344928190706,0.0,0.0,100.0,100.0,100.0,0.0,0.0,4,100.0,0.0,Strong (Very unguessable),31 years,Low Vulnerability (Synthetic Random-like Control)
246,1gY#VEXkVCdOm,synthetic_random_like,0,13,94,85.2096550718093,100.0,14.790344928190706,0.0,0.0,100.0,100.0,100.0,0.0,0.0,4,100.0,0.0,Strong (Very unguessable),31 years,Low Vulnerability (Synthetic Random-like Control)
247,QsreK8r85akcG,synthetic_random_like,0,13,62,77.40455203502937,83.33333333333333,22.59544796497063,0.0,0.0,96.75569004378671,96.75569004378671,100.0,3.2443099562132858,0.0,4,100.0,0.0,Strong (Very unguessable),31 years,Low Vulnerability (Synthetic Random-like Control)
248,Bt^2oKEMpgE16,synthetic_random_like,0,13,94,85.2096550718093,100.0,14.790344928190706,0.0,0.0,100.0,100.0,100.0,0.0,0.0,4,100.0,0.0,Strong (Very unguessable),31 years,Low Vulnerability (Synthetic Random-like Control)
249,io@&c$EsL2aTE,synthetic_random_like,0,13,94,85.2096550718093,100.0,14.790344928190706,0.0,0.0,100.0,100.0,100.0,0.0,0.0,4,100.0,0.0,Strong (Very unguessable),31 years,Low Vulnerability (Synthetic Random-like Control)
250,1xk^Ui^*##cX8,synthetic_random_like,0,13,94,85.2096550718093,100.0,14.790344928190706,0.0,0.0,100.0,100.0,100.0,0.0,0.0,4,100.0,0.0,Strong (Very unguessable),31 years,Low Vulnerability (Synthetic Random-like Control)
251,fXVGcTiSEnQrf,synthetic_random_like,0,13,52,74.10571633583419,64.58333333333333,25.894283664165812,0.0,0.0,92.63214541979274,92.63214541979274,100.0,7.367854580207265,0.0,4,100.0,0.0,Strong (Very unguessable),31 years,Low Vulnerability (Synthetic Random-like Control)
252,T*Rw79xri6eLz,synthetic_random_like,0,13,94,85.2096550718093,100.0,14.790344928190706,0.0,0.0,100.0,100.0,100.0,0.0,0.0,4,100.0,0.0,Strong (Very unguessable),31 years,Low Vulnerability (Synthetic Random-like Control)
253,fzfON$Y*8GeyK,synthetic_random_like,0,13,94,85.2096550718093,100.0,14.790344928190706,0.0,0.0,100.0,100.0,100.0,0.0,0.0,4,100.0,0.0,Strong (Very unguessable),31 years,Low Vulnerability (Synthetic Random-like Control)
254,TgQIpV3Z4XRx@,synthetic_random_like,0,13,94,85.2096550718093,100.0,14.790344928190706,0.0,0.0,100.0,100.0,100.0,0.0,0.0,4,100.0,0.0,Strong (Very unguessable),31 years,Low Vulnerability (Synthetic Random-like Control)
255,@V%Ik2k3x*LPn,synthetic_random_like,0,13,94,85.2096550718093,100.0,14.790344928190706,0.0,0.0,100.0,100.0,100.0,0.0,0.0,4,100.0,0.0,Strong (Very unguessable),31 years,Low Vulnerability (Synthetic Random-like Control)
256,kPLN52v4S5fT3J,synthetic_random_like,0,14,62,83.35874834541625,85.41666666666667,16.641251654583755,0.0,0.0,100.0,100.0,100.0,0.0,0.0,4,100.0,0.0,Strong (Very unguessable),centuries,Low Vulnerability (Synthetic Random-like Control)
257,hjZU$uds4eqiEU,synthetic_random_like,0,14,94,91.76424392348693,100.0,8.23575607651307,0.0,0.0,100.0,100.0,100.0,0.0,0.0,4,100.0,0.0,Strong (Very unguessable),centuries,Low Vulnerability (Synthetic Random-like Control)
258,UXet5VV4jr^UYO,synthetic_random_like,0,14,94,91.76424392348693,100.0,8.23575607651307,0.0,0.0,100.0,100.0,100.0,0.0,0.0,4,100.0,0.0,Strong (Very unguessable),centuries,Low Vulnerability (Synthetic Random-like Control)
259,JFodx@%XpHH5BK,synthetic_random_like,0,14,94,91.76424392348693,100.0,8.23575607651307,0.0,0.0,100.0,100.0,100.0,0.0,0.0,4,100.0,0.0,Strong (Very unguessable),centuries,Low Vulnerability (Synthetic Random-like Control)
260,!zprj5w4lOSi*L,synthetic_random_like,0,14,94,91.76424392348693,100.0,8.23575607651307,0.0,0.0,100.0,100.0,100.0,0.0,0.0,4,100.0,0.0,Strong (Very unguessable),centuries,Low Vulnerability (Synthetic Random-like Control)
261,MuwU$CpzrE@dUV,synthetic_random_like,0,14,84,89.49244391890265,85.41666666666667,10.507556081097349,0.0,0.0,100.0,100.0,100.0,0.0,0.0,4,100.0,0.0,Strong (Very unguessable),centuries,Low Vulnerability (Synthetic Random-like Control)
262,7qliNY9^00jqOj,synthetic_random_like,0,14,94,91.76424392348693,100.0,8.23575607651307,0.0,0.0,100.0,100.0,100.0,0.0,0.0,4,100.0,0.0,Strong (Very unguessable),centuries,Low Vulnerability (Synthetic Random-like Control)
263,57%Sqxq3#hp%tM,synthetic_random_like,0,14,94,91.76424392348693,100.0,8.23575607651307,0.0,0.0,100.0,100.0,100.0,0.0,0.0,4,100.0,0.0,Strong (Very unguessable),centuries,Low Vulnerability (Synthetic Random-like Control)
264,vuPCS%KkGzJqM&,synthetic_random_like,0,14,84,89.49244391890265,85.41666666666667,10.507556081097349,0.0,0.0,100.0,100.0,100.0,0.0,0.0,4,100.0,0.0,Strong (Very unguessable),centuries,Low Vulnerability (Synthetic Random-like Control)
265,l#vtvRfdkfHA1d,synthetic_random_like,0,14,94,91.76424392348693,100.0,8.23575607651307,0.0,0.0,100.0,100.0,100.0,0.0,0.0,4,100.0,0.0,Strong (Very unguessable),centuries,Low Vulnerability (Synthetic Random-like Control)
266,@*LM9FZM6jhu41,synthetic_random_like,0,14,94,91.76424392348693,100.0,8.23575607651307,0.0,0.0,100.0,100.0,100.0,0.0,0.0,4,100.0,0.0,Strong (Very unguessable),centuries,Low Vulnerability (Synthetic Random-like Control)
267,97ARsOOSZqV$nO,synthetic_random_like,0,14,94,91.76424392348693,100.0,8.23575607651307,0.0,0.0,100.0,100.0,100.0,0.0,0.0,4,100.0,0.0,Strong (Very unguessable),centuries,Low Vulnerability (Synthetic Random-like Control)
268,E7pI5FsmgLX1Fu,synthetic_random_like,0,14,62,83.35874834541625,85.41666666666667,16.641251654583755,0.0,0.0,100.0,100.0,100.0,0.0,0.0,4,100.0,0.0,Strong (Very unguessable),centuries,Low Vulnerability (Synthetic Random-like Control)
269,POyu@$7@N@clY#,synthetic_random_like,0,14,94,91.76424392348693,100.0,8.23575607651307,0.0,0.0,100.0,100.0,100.0,0.0,0.0,4,100.0,0.0,Strong (Very unguessable),centuries,Low Vulnerability (Synthetic Random-like Control)
270,6EBTggK@8K&bn3,synthetic_random_like,0,14,94,91.76424392348693,100.0,8.23575607651307,0.0,0.0,100.0,100.0,100.0,0.0,0.0,4,100.0,0.0,Strong (Very unguessable),centuries,Low Vulnerability (Synthetic Random-like Control)
271,rHUZUfZgyUKjX#,synthetic_random_like,0,14,84,89.49244391890265,85.41666666666667,10.507556081097349,0.0,0.0,100.0,100.0,100.0,0.0,0.0,4,100.0,0.0,Strong (Very unguessable),centuries,Low Vulnerability (Synthetic Random-like Control)
272,5JpqmYVRUsz$Z#,synthetic_random_like,0,14,94,91.76424392348693,100.0,8.23575607651307,0.0,0.0,100.0,100.0,100.0,0.0,0.0,4,100.0,0.0,Strong (Very unguessable),centuries,Low Vulnerability (Synthetic Random-like Control)
273,fferQ8%6t$rPOu,synthetic_random_like,0,14,94,91.76424392348693,100.0,8.23575607651307,0.0,0.0,100.0,100.0,100.0,0.0,0.0,4,100.0,0.0,Strong (Very unguessable),centuries,Low Vulnerability (Synthetic Random-like Control)
274,YMR#$&!M8cVQo1,synthetic_random_like,0,14,94,91.76424392348693,100.0,8.23575607651307,0.0,0.0,100.0,100.0,100.0,0.0,0.0,4,100.0,0.0,Strong (Very unguessable),centuries,Low Vulnerability (Synthetic Random-like Control)
275,Nd8HDg9v^WsFeo,synthetic_random_like,0,14,94,91.76424392348693,100.0,8.23575607651307,0.0,0.0,100.0,100.0,100.0,0.0,0.0,4,100.0,0.0,Strong (Very unguessable),centuries,Low Vulnerability (Synthetic Random-like Control)
276,yc4O1t0A0#8hr%,synthetic_random_like,0,14,94,91.76424392348693,100.0,8.23575607651307,0.0,0.0,100.0,100.0,100.0,0.0,0.0,4,100.0,0.0,Strong (Very unguessable),centuries,Low Vulnerability (Synthetic Random-like Control)
277,AP9^WOw6&R*TH9,synthetic_random_like,0,14,94,91.76424392348693,100.0,8.23575607651307,0.0,0.0,100.0,100.0,100.0,0.0,0.0,4,100.0,0.0,Strong (Very unguessable),centuries,Low Vulnerability (Synthetic Random-like Control)
278,yFJMCMKA!O9SJK,synthetic_random_like,0,14,94,91.76424392348693,100.0,8.23575607651307,0.0,0.0,100.0,100.0,100.0,0.0,0.0,4,100.0,0.0,Strong (Very unguessable),centuries,Low Vulnerability (Synthetic Random-like Control)
279,p*WYSsLfKkS4G9,synthetic_random_like,0,14,94,91.76424392348693,100.0,8.23575607651307,0.0,0.0,100.0,100.0,100.0,0.0,0.0,4,100.0,0.0,Strong (Very unguessable),centuries,Low Vulnerability (Synthetic Random-like Control)
280,Bz&IIrnEFg^CDg,synthetic_random_like,0,14,84,89.49244391890265,85.41666666666667,10.507556081097349,0.0,0.0,100.0,100.0,100.0,0.0,0.0,4,100.0,0.0,Strong (Very unguessable),centuries,Low Vulnerability (Synthetic Random-like Control)
281,m0Q8mrau089zKPK,synthetic_random_like,0,15,62,89.31294465580312,87.5,10.687055344196878,0.0,0.0,100.0,100.0,100.0,0.0,0.0,4,100.0,0.0,Strong (Very unguessable),centuries,Low Vulnerability (Synthetic Random-like Control)
282,hlD&ew1weY@xLeb,synthetic_random_like,0,15,94,98.31883277516457,100.0,1.6811672248354341,0.0,0.0,100.0,100.0,100.0,0.0,0.0,4,100.0,0.0,Strong (Very unguessable),centuries,Low Vulnerability (Synthetic Random-like Control)
283,MnQK6*^@r#7IyoQ,synthetic_random_like,0,15,94,98.31883277516457,100.0,1.6811672248354341,0.0,0.0,100.0,100.0,100.0,0.0,0.0,4,100.0,0.0,Strong (Very unguessable),centuries,Low Vulnerability (Synthetic Random-like Control)
284,u6GxbRLywZ2$PlZ,synthetic_random_like,0,15,94,98.31883277516457,100.0,1.6811672248354341,0.0,0.0,100.0,100.0,100.0,0.0,0.0,4,100.0,0.0,Strong (Very unguessable),centuries,Low Vulnerability (Synthetic Random-like Control)
285,mxr9PFaHXE5IQMb,synthetic_random_like,0,15,62,89.31294465580312,87.5,10.687055344196878,0.0,0.0,100.0,100.0,100.0,0.0,0.0,4,100.0,0.0,Strong (Very unguessable),centuries,Low Vulnerability (Synthetic Random-like Control)
286,HUEhp7NuZ#NpLVC,synthetic_random_like,0,15,94,98.31883277516457,100.0,1.6811672248354341,0.0,0.0,100.0,100.0,100.0,0.0,0.0,4,100.0,0.0,Strong (Very unguessable),centuries,Low Vulnerability (Synthetic Random-like Control)
287,Cr9t6V18&BFk^5^,synthetic_random_like,0,15,94,98.31883277516457,100.0,1.6811672248354341,0.0,0.0,100.0,100.0,100.0,0.0,0.0,4,100.0,0.0,Strong (Very unguessable),centuries,Low Vulnerability (Synthetic Random-like Control)
288,Ujoh#z&tvP%4oA!,synthetic_random_like,0,15,94,98.31883277516457,100.0,1.6811672248354341,0.0,0.0,100.0,100.0,100.0,0.0,0.0,4,100.0,0.0,Strong (Very unguessable),centuries,Low Vulnerability (Synthetic Random-like Control)
289,l$5h6q$16h7NcYG,synthetic_random_like,0,15,94,98.31883277516457,100.0,1.6811672248354341,0.0,0.0,100.0,100.0,100.0,0.0,0.0,4,100.0,0.0,Strong (Very unguessable),centuries,Low Vulnerability (Synthetic Random-like Control)
290,aBjf2Si*hi8eK0x,synthetic_random_like,0,15,94,98.31883277516457,100.0,1.6811672248354341,0.0,0.0,100.0,100.0,100.0,0.0,0.0,4,100.0,0.0,Strong (Very unguessable),centuries,Low Vulnerability (Synthetic Random-like Control)
291,r1VW5WWk*rSpw&Y,synthetic_random_like,0,15,94,98.31883277516457,100.0,1.6811672248354341,0.0,0.0,100.0,100.0,100.0,0.0,0.0,4,100.0,0.0,Strong (Very unguessable),centuries,Low Vulnerability (Synthetic Random-like Control)
292,^qCacM7*2&WDF6S,synthetic_random_like,0,15,94,98.31883277516457,100.0,1.6811672248354341,0.0,0.0,100.0,100.0,100.0,0.0,0.0,4,100.0,0.0,Strong (Very unguessable),centuries,Low Vulnerability (Synthetic Random-like Control)
293,tJyoe1cEAime5gF,synthetic_random_like,0,15,62,89.31294465580312,87.5,10.687055344196878,0.0,0.0,100.0,100.0,100.0,0.0,0.0,4,100.0,0.0,Strong (Very unguessable),centuries,Low Vulnerability (Synthetic Random-like Control)
294,fZ4D*Bhr#LDOPEM,synthetic_random_like,0,15,94,98.31883277516457,100.0,1.6811672248354341,0.0,0.0,100.0,100.0,100.0,0.0,0.0,4,100.0,0.0,Strong (Very unguessable),centuries,Low Vulnerability (Synthetic Random-like Control)
295,s%C0MJhw2@gSW^O,synthetic_random_like,0,15,94,98.31883277516457,100.0,1.6811672248354341,0.0,0.0,100.0,100.0,100.0,0.0,0.0,4,100.0,0.0,Strong (Very unguessable),centuries,Low Vulnerability (Synthetic Random-like Control)
296,10tMWx&8ECMs7h0,synthetic_random_like,0,15,94,98.31883277516457,100.0,1.6811672248354341,0.0,0.0,100.0,100.0,100.0,0.0,0.0,4,100.0,0.0,Strong (Very unguessable),centuries,Low Vulnerability (Synthetic Random-like Control)
297,1^rXFGAQk5Vl&yg,synthetic_random_like,0,15,94,98.31883277516457,100.0,1.6811672248354341,0.0,0.0,100.0,100.0,100.0,0.0,0.0,4,100.0,0.0,Strong (Very unguessable),centuries,Low Vulnerability (Synthetic Random-like Control)
298,IWfjyB9AQMbByp9,synthetic_random_like,0,15,62,89.31294465580312,87.5,10.687055344196878,0.0,0.0,100.0,100.0,100.0,0.0,0.0,4,100.0,0.0,Strong (Very unguessable),centuries,Low Vulnerability (Synthetic Random-like Control)
299,FAYEPKW7&TNHU$@,synthetic_random_like,0,15,68,91.31194261875508,87.5,8.688057381244917,0.0,0.0,100.0,100.0,100.0,0.0,0.0,4,100.0,0.0,Strong (Very unguessable),centuries,Low Vulnerability (Synthetic Random-like Control)
300,7m8OAVO0fCscH1L,synthetic_random_like,0,15,62,89.31294465580312,87.5,10.687055344196878,0.0,0.0,100.0,100.0,100.0,0.0,0.0,4,100.0,0.0,Strong (Very unguessable),centuries,Low Vulnerability (Synthetic Random-like Control)
301,tzQDWF@RG!!6vTv,synthetic_random_like,0,15,94,98.31883277516457,100.0,1.6811672248354341,0.0,0.0,100.0,100.0,100.0,0.0,0.0,4,100.0,0.0,Strong (Very unguessable),centuries,Low Vulnerability (Synthetic Random-like Control)
302,r*!x*h^ejga0rDi,synthetic_random_like,0,15,94,98.31883277516457,100.0,1.6811672248354341,0.0,0.0,100.0,100.0,100.0,0.0,0.0,4,100.0,0.0,Strong (Very unguessable),centuries,Low Vulnerability (Synthetic Random-like Control)
303,tbB#6Vh9!ca&0bc,synthetic_random_like,0,15,94,98.31883277516457,100.0,1.6811672248354341,0.0,0.0,100.0,100.0,100.0,0.0,0.0,4,100.0,0.0,Strong (Very unguessable),centuries,Low Vulnerability (Synthetic Random-like Control)
304,^J&Kc#3wnm^tEy^,synthetic_random_like,0,15,94,98.31883277516457,100.0,1.6811672248354341,0.0,0.0,100.0,100.0,100.0,0.0,0.0,4,100.0,0.0,Strong (Very unguessable),centuries,Low Vulnerability (Synthetic Random-like Control)
305,GTIYkVZ6FCMkelZ,synthetic_random_like,0,15,62,89.31294465580312,87.5,10.687055344196878,0.0,0.0,100.0,100.0,100.0,0.0,0.0,4,100.0,0.0,Strong (Very unguessable),centuries,Low Vulnerability (Synthetic Random-like Control)
306,WW8hbvk@3Qm^fDB8,synthetic_random_like,0,16,94,104.8734216268422,100.0,0.0,0.0,0.0,100.0,100.0,100.0,0.0,0.0,4,100.0,0.0,Strong (Very unguessable),centuries,Low Vulnerability (Synthetic Random-like Control)
307,IfjJ*ewOcAsYjMuE,synthetic_random_like,0,16,84,102.27707876446017,89.58333333333333,0.0,0.0,0.0,100.0,100.0,100.0,0.0,0.0,4,100.0,0.0,Strong (Very unguessable),centuries,Low Vulnerability (Synthetic Random-like Control)
308,X*QXrk#Sgm3DjRYP,synthetic_random_like,0,16,94,104.8734216268422,100.0,0.0,0.0,0.0,100.0,100.0,100.0,0.0,0.0,4,100.0,0.0,Strong (Very unguessable),centuries,Low Vulnerability (Synthetic Random-like Control)
309,dI5!DTW3xWkLFjkI,synthetic_random_like,0,16,94,104.8734216268422,100.0,0.0,0.0,0.0,100.0,100.0,100.0,0.0,0.0,4,100.0,0.0,Strong (Very unguessable),centuries,Low Vulnerability (Synthetic Random-like Control)
310,tWtXOUnlaN4UInql,synthetic_random_like,0,16,62,95.26714096619,89.58333333333333,4.732859033810001,0.0,0.0,100.0,100.0,100.0,0.0,0.0,4,100.0,0.0,Strong (Very unguessable),centuries,Low Vulnerability (Synthetic Random-like Control)
311,x35$0ndlTlPXbL0X,synthetic_random_like,0,16,94,104.8734216268422,100.0,0.0,0.0,0.0,100.0,100.0,100.0,0.0,0.0,4,100.0,0.0,Strong (Very unguessable),centuries,Low Vulnerability (Synthetic Random-like Control)
312,kF%vWvrIMI@siv3J,synthetic_random_like,0,16,94,104.8734216268422,100.0,0.0,0.0,0.0,100.0,100.0,100.0,0.0,0.0,4,100.0,0.0,Strong (Very unguessable),centuries,Low Vulnerability (Synthetic Random-like Control)
313,1M9jUGF@z6nrMaYQ,synthetic_random_like,0,16,94,104.8734216268422,100.0,0.0,0.0,0.0,100.0,100.0,100.0,0.0,0.0,4,100.0,0.0,Strong (Very unguessable),centuries,Low Vulnerability (Synthetic Random-like Control)
314,WQ4Q3rMPz9OwYOL!,synthetic_random_like,0,16,94,104.8734216268422,100.0,0.0,0.0,0.0,100.0,100.0,100.0,0.0,0.0,4,100.0,0.0,Strong (Very unguessable),centuries,Low Vulnerability (Synthetic Random-like Control)
315,FPWJYUoz*xd7A4Li,synthetic_random_like,0,16,94,104.8734216268422,100.0,0.0,0.0,0.0,100.0,100.0,100.0,0.0,0.0,4,100.0,0.0,Strong (Very unguessable),centuries,Low Vulnerability (Synthetic Random-like Control)
316,0@rMEGt2Wj59Z&#1,synthetic_random_like,0,16,94,104.8734216268422,100.0,0.0,0.0,0.0,100.0,100.0,100.0,0.0,0.0,4,100.0,0.0,Strong (Very unguessable),centuries,Low Vulnerability (Synthetic Random-like Control)
317,*eU&knFTvfZQ3nbm,synthetic_random_like,0,16,94,104.8734216268422,100.0,0.0,0.0,0.0,100.0,100.0,100.0,0.0,0.0,4,100.0,0.0,Strong (Very unguessable),centuries,Low Vulnerability (Synthetic Random-like Control)
318,HC$%C5VY7#tSd9nL,synthetic_random_like,0,16,94,104.8734216268422,100.0,0.0,0.0,0.0,100.0,100.0,100.0,0.0,0.0,4,100.0,0.0,Strong (Very unguessable),centuries,Low Vulnerability (Synthetic Random-like Control)
319,1kosSNR6A%9S8m45,synthetic_random_like,0,16,94,104.8734216268422,100.0,0.0,0.0,0.0,100.0,100.0,100.0,0.0,0.0,4,100.0,0.0,Strong (Very unguessable),centuries,Low Vulnerability (Synthetic Random-like Control)
320,OiMfocRnvF%wuQ27,synthetic_random_like,0,16,94,104.8734216268422,100.0,0.0,0.0,0.0,100.0,100.0,100.0,0.0,0.0,4,100.0,0.0,Strong (Very unguessable),centuries,Low Vulnerability (Synthetic Random-like Control)
321,DZxx3Ydz52XaBAJi,synthetic_random_like,0,16,62,95.26714096619,89.58333333333333,4.732859033810001,0.0,0.0,100.0,100.0,100.0,0.0,0.0,4,100.0,0.0,Strong (Very unguessable),centuries,Low Vulnerability (Synthetic Random-like Control)
322,n&xUPz6oH!^OXYoS,synthetic_random_like,0,16,94,104.8734216268422,100.0,0.0,0.0,0.0,100.0,100.0,100.0,0.0,0.0,4,100.0,0.0,Strong (Very unguessable),centuries,Low Vulnerability (Synthetic Random-like Control)
323,T6wMkrOpENoxVs$X,synthetic_random_like,0,16,94,104.8734216268422,100.0,0.0,0.0,0.0,100.0,100.0,100.0,0.0,0.0,4,100.0,0.0,Strong (Very unguessable),centuries,Low Vulnerability (Synthetic Random-like Control)
324,1rX2x!&wv!KrxO5g,synthetic_random_like,0,16,94,104.8734216268422,100.0,0.0,0.0,0.0,100.0,100.0,100.0,0.0,0.0,4,100.0,0.0,Strong (Very unguessable),centuries,Low Vulnerability (Synthetic Random-like Control)
325,Tb!ryX#@0!14!vkd,synthetic_random_like,0,16,94,104.8734216268422,100.0,0.0,0.0,0.0,100.0,100.0,100.0,0.0,0.0,4,100.0,0.0,Strong (Very unguessable),centuries,Low Vulnerability (Synthetic Random-like Control)
326,CLeJC&Kv6@$ooI*U,synthetic_random_like,0,16,94,104.8734216268422,100.0,0.0,0.0,0.0,100.0,100.0,100.0,0.0,0.0,4,100.0,0.0,Strong (Very unguessable),centuries,Low Vulnerability (Synthetic Random-like Control)
327,*f4*B2nFMe5HSl4p,synthetic_random_like,0,16,94,104.8734216268422,100.0,0.0,0.0,0.0,100.0,100.0,100.0,0.0,0.0,4,100.0,0.0,Strong (Very unguessable),centuries,Low Vulnerability (Synthetic Random-like Control)
328,EAS2vrAAhS&J&vPL,synthetic_random_like,0,16,94,104.8734216268422,100.0,0.0,0.0,0.0,100.0,100.0,100.0,0.0,0.0,4,100.0,0.0,Strong (Very unguessable),centuries,Low Vulnerability (Synthetic Random-like Control)
329,LI$mr0hJqqFsPFY!,synthetic_random_like,0,16,94,104.8734216268422,100.0,0.0,0.0,0.0,100.0,100.0,100.0,0.0,0.0,4,100.0,0.0,Strong (Very unguessable),centuries,Low Vulnerability (Synthetic Random-like Control)
330,sI1W5jlZ$JV6!Pal,synthetic_random_like,0,16,94,104.8734216268422,100.0,0.0,0.0,0.0,100.0,100.0,100.0,0.0,0.0,4,100.0,0.0,Strong (Very unguessable),centuries,Low Vulnerability (Synthetic Random-like Control)
