weight_profile,H_ref,mutation_mean_mvs,random_mean_mvs,mutation_mean_psi,random_mean_psi,psi_mean_gap_random_minus_mutation,mutation_psi_std,random_psi_std
Baseline,40,34.0370524457339,0.0,62.234768326031265,100.0,37.765231673968735,6.497363929352596,0.0
Baseline,50,34.0370524457339,0.0,55.88524367914728,99.79563074123402,43.91038706208674,9.627925356555531,1.1173043311214181
Baseline,60,34.0370524457339,0.0,48.85234311707252,97.46557619297529,48.61323307590277,10.663917362521824,5.575355565014253
Baseline,70,34.0370524457339,0.0,42.29471925422209,93.47476936817587,51.18005011395378,9.891871349736395,10.202231119814186
Baseline,80,34.0370524457339,0.0,37.04125144545241,88.34034382852748,51.29909238307507,8.732636084770416,13.741452674529338
Baseline,90,34.0370524457339,0.0,32.925556840402145,82.62617715417791,49.700620313775765,7.762343186462594,16.130557668459907
Baseline,100,34.0370524457339,0.0,29.633001156361928,76.25291876787277,46.61991761151084,6.986108867816334,16.818737807548928
Baseline,120,34.0370524457339,0.0,24.694167630301603,63.94962621231986,39.255458582018264,5.821757389846945,14.629764767317747
Baseline,140,34.0370524457339,0.0,21.166429397401377,54.8139653248456,33.647535927444224,4.990077762725952,12.539798371986642
Dictionary-heavy,40,33.23669242323834,0.0,63.00693173855692,100.0,36.99306826144308,6.592623696969526,0.0
Dictionary-heavy,50,33.23669242323834,0.0,56.58895982906736,99.79563074123402,43.20667091216666,9.809636548786704,1.1173043311214181
Dictionary-heavy,60,33.23669242323834,0.0,49.47525025984438,97.46557619297529,47.99032593313091,10.884861000001404,5.575355565014253
Dictionary-heavy,70,33.23669242323834,0.0,42.835518233430236,93.47476936817587,50.639251134745635,10.096878490613129,10.202231119814186
Dictionary-heavy,80,33.23669242323834,0.0,37.51500220940463,88.34034382852748,50.82534161912285,8.91350688088941,13.741452674529338
Dictionary-heavy,90,33.23669242323834,0.0,33.34666863058189,82.62617715417791,49.27950852359602,7.923117227457252,16.130557668459907
Dictionary-heavy,100,33.23669242323834,0.0,30.0120017675237,76.25291876787277,46.24091700034907,7.130805504711527,16.818737807548928
Dictionary-heavy,120,33.23669242323834,0.0,25.01000147293642,63.94962621231986,38.93962473938345,5.942337920592939,14.629764767317747
Dictionary-heavy,140,33.23669242323834,0.0,21.43714411965979,54.8139653248456,33.376821205185806,5.093432503365376,12.539798371986642
Mutation-heavy,40,35.089778964839404,0.0,61.2231948329358,100.0,38.7768051670642,6.549501102358202,0.0
Mutation-heavy,50,35.089778964839404,0.0,54.96435374268227,99.79563074123402,44.83127699855175,9.487066035956069,1.1173043311214181
Mutation-heavy,60,35.089778964839404,0.0,48.03515055741315,97.46557619297529,49.430425635562145,10.424357972192519,5.575355565014253
Mutation-heavy,70,35.089778964839404,0.0,41.58431528548457,93.47476936817587,51.8904540826913,9.655683155388786,10.202231119814186
Mutation-heavy,80,35.089778964839404,0.0,36.41886272981721,88.34034382852748,51.921481098710274,8.523218510113884,13.741452674529338
Mutation-heavy,90,35.089778964839404,0.0,32.372322426504184,82.62617715417791,50.253854727673726,7.576194231212339,16.130557668459907
Mutation-heavy,100,35.089778964839404,0.0,29.13509018385376,76.25291876787277,47.11782858401901,6.818574808091106,16.818737807548928
Mutation-heavy,120,35.089778964839404,0.0,24.279241819878127,63.94962621231986,39.67038439244173,5.682145673409255,14.629764767317747
Mutation-heavy,140,35.089778964839404,0.0,20.810778702752682,54.8139653248456,34.00318662209291,4.870410577207933,12.539798371986642
Equal,40,34.75376807631058,0.0,61.554317082119084,100.0,38.445682917880916,6.660920443000886,0.0
Equal,50,34.75376807631058,0.0,55.27246420869325,99.79563074123402,44.52316653254077,9.638250922555386,1.1173043311214181
Equal,60,34.75376807631058,0.0,48.30921375850619,97.46557619297529,49.1563624344691,10.574939084937391,5.575355565014253
Equal,70,34.75376807631058,0.0,41.82188421775465,93.47476936817587,51.65288515042122,9.785346619921157,10.202231119814186
Equal,80,34.75376807631058,0.0,36.626926602763774,88.34034382852748,51.713417225763706,8.636577164448152,13.741452674529338
Equal,90,34.75376807631058,0.0,32.557268091345584,82.62617715417791,50.068909062832326,7.676957479509469,16.130557668459907
Equal,100,34.75376807631058,0.0,29.301541282211023,76.25291876787277,46.95137748566175,6.909261731558521,16.818737807548928
Equal,120,34.75376807631058,0.0,24.41795106850918,63.94962621231986,39.53167514381069,5.7577181096321,14.629764767317747
Equal,140,34.75376807631058,0.0,20.929672344436444,54.8139653248456,33.88429298040916,4.935186951113229,12.539798371986642
Suffix-heavy,40,32.95324632499098,0.0,63.29772086252789,100.0,36.70227913747211,6.852135356936094,0.0
Suffix-heavy,50,32.95324632499098,0.0,56.868754945802785,99.79563074123402,42.926875795431236,10.077856822456114,1.1173043311214181
Suffix-heavy,60,32.95324632499098,0.0,49.72880537109526,97.46557619297529,47.73677082188003,11.136161681685126,5.575355565014253
Suffix-heavy,70,32.95324632499098,0.0,43.058584458113614,93.47476936817587,50.416184910062256,10.330860282924254,10.202231119814186
Suffix-heavy,80,32.95324632499098,0.0,37.71066329936512,88.34034382852748,50.62968052916236,9.119917069197982,13.741452674529338
Suffix-heavy,90,32.95324632499098,0.0,33.52058959943567,82.62617715417791,49.10558755474224,8.106592950398205,16.130557668459907
Suffix-heavy,100,32.95324632499098,0.0,30.1685306394921,76.25291876787277,46.08438812838067,7.295933655358385,16.818737807548928
Suffix-heavy,120,32.95324632499098,0.0,25.140442199576746,63.94962621231986,38.80918401274312,6.079944712798655,14.629764767317747
Suffix-heavy,140,32.95324632499098,0.0,21.54895045678007,54.8139653248456,33.26501486806553,5.2113811823988465,12.539798371986642
