weight_profile,H_ref,pairwise_separation_probability
Baseline,40,1.0
Baseline,50,1.0
Baseline,60,1.0
Baseline,70,1.0
Baseline,80,0.9997460317460317
Baseline,90,0.9997460317460317
Baseline,100,0.9997460317460317
Baseline,120,0.9997460317460317
Baseline,140,0.9997460317460317
Dictionary-heavy,40,1.0
Dictionary-heavy,50,1.0
Dictionary-heavy,60,1.0
Dictionary-heavy,70,0.9997460317460317
Dictionary-heavy,80,0.9997460317460317
Dictionary-heavy,90,0.9997460317460317
Dictionary-heavy,100,0.9997460317460317
Dictionary-heavy,120,0.9997460317460317
Dictionary-heavy,140,0.9997460317460317
Mutation-heavy,40,1.0
Mutation-heavy,50,1.0
Mutation-heavy,60,1.0
Mutation-heavy,70,1.0
Mutation-heavy,80,1.0
Mutation-heavy,90,1.0
Mutation-heavy,100,1.0
Mutation-heavy,120,1.0
Mutation-heavy,140,1.0
Equal,40,1.0
Equal,50,1.0
Equal,60,1.0
Equal,70,1.0
Equal,80,1.0
Equal,90,1.0
Equal,100,1.0
Equal,120,1.0
Equal,140,1.0
Suffix-heavy,40,1.0
Suffix-heavy,50,1.0
Suffix-heavy,60,1.0
Suffix-heavy,70,0.9997460317460317
Suffix-heavy,80,0.9997460317460317
Suffix-heavy,90,0.9997460317460317
Suffix-heavy,100,0.9997460317460317
Suffix-heavy,120,0.9997460317460317
Suffix-heavy,140,0.9997460317460317
