weight_profile,H_ref,spearman_rank_correlation_vs_baseline,p_value
Baseline,40,0.8226109592743952,2.0214180633812892e-82
Baseline,50,0.8545169166817377,2.526778002202623e-95
Baseline,60,0.9418774348767054,1.951780045874877e-157
Baseline,70,0.970225939826055,4.642893803804621e-204
Baseline,80,0.9999999999999999,0.0
Baseline,90,0.9915348550146211,7.017797272651619e-293
Baseline,100,0.9884191212777278,1.1418494649222298e-270
Baseline,120,0.9883982168259284,1.5322127925823089e-270
Baseline,140,0.9883982168259284,1.5322127925823089e-270
Dictionary-heavy,40,0.8216940487071607,4.340110387495291e-82
Dictionary-heavy,50,0.8541556312763792,3.677290951967929e-95
Dictionary-heavy,60,0.9418149332563033,2.3158814747516777e-157
Dictionary-heavy,70,0.9701941904002808,5.5152388892869606e-204
Dictionary-heavy,80,0.9999640616681238,0.0
Dictionary-heavy,90,0.9914992209059349,1.3935802640911667e-292
Dictionary-heavy,100,0.9883835991433145,1.8814146561791131e-270
Dictionary-heavy,120,0.9883626954427863,2.5223057607437596e-270
Dictionary-heavy,140,0.9883626954427863,2.5223057607437596e-270
Mutation-heavy,40,0.8209129767424793,8.292454385707387e-82
Mutation-heavy,50,0.8537987420429889,5.3219924431480864e-95
Mutation-heavy,60,0.9417858627351862,2.5074926333054157e-157
Mutation-heavy,70,0.9701592660319289,6.663833040458566e-204
Mutation-heavy,80,0.999930176955212,0.0
Mutation-heavy,90,0.9914656230320307,2.6539455132297967e-292
Mutation-heavy,100,0.9883501068451536,3.008549694029536e-270
Mutation-heavy,120,0.9883292038529666,4.029937201948862e-270
Mutation-heavy,140,0.9883292038529666,4.029937201948862e-270
Equal,40,0.8218968339101476,3.6666880192729564e-82
Equal,50,0.8541140758061733,3.839226286527012e-95
Equal,60,0.9417720542376554,2.603946291570139e-157
Equal,70,0.9701458607188242,7.165297979092739e-204
Equal,80,0.9999171707017712,0.0
Equal,90,0.991452726878411,3.3961040561252803e-292
Equal,100,0.9883372512155564,3.601262767929446e-270
Equal,120,0.9883163484952582,4.822293435707448e-270
Equal,140,0.9883163484952582,4.822293435707448e-270
Suffix-heavy,40,0.824549081481477,3.961634586793613e-83
Suffix-heavy,50,0.8546268209809338,2.2537526409533506e-95
Suffix-heavy,60,0.9418116628226777,2.3366899579629325e-157
Suffix-heavy,70,0.9701726713450336,6.197258079397874e-204
Suffix-heavy,80,0.9999431832086528,0.0
Suffix-heavy,90,0.9914785191856506,2.073196091940693e-292
Suffix-heavy,100,0.9883629624747505,2.512886275966765e-270
Suffix-heavy,120,0.9883420592106752,3.367103796596863e-270
Suffix-heavy,140,0.9883420592106752,3.367103796596863e-270
